Date,Close,High,Low,Open
2020-07-27,0.1050570011138916,0.11605100333690643,0.10085800290107727,0.11394000053405762
2020-07-28,0.10634899884462357,0.10921899974346161,0.10240600258111954,0.10668499767780304
2020-07-29,0.11711999773979187,0.13032600283622742,0.10330799967050552,0.10640399903059006
2020-07-30,0.1313530057668686,0.1342950016260147,0.11637800186872482,0.11805099993944168
2020-07-31,0.14200599491596222,0.1793230026960373,0.13030700385570526,0.1313530057668686
2020-08-01,0.14839400351047516,0.15068699419498444,0.13930000364780426,0.14297300577163696
2020-08-02,0.14709199965000153,0.1569020003080368,0.14313000440597534,0.1477770060300827
2020-08-03,0.1479550004005432,0.1505880057811737,0.13883699476718903,0.14680899679660797
2020-08-04,0.14602099359035492,0.149959996342659,0.1434440016746521,0.14792899787425995
2020-08-05,0.15426099300384521,0.1587810069322586,0.14300300180912018,0.14624199271202087
2020-08-06,0.14936000108718872,0.15537700057029724,0.1474580019712448,0.15426099300384521
2020-08-07,0.15122100710868835,0.15375100076198578,0.14787499606609344,0.1495160013437271
2020-08-08,0.1566140055656433,0.15736399590969086,0.14824500679969788,0.15027399361133575
2020-08-09,0.1745080053806305,0.19846799969673157,0.1559170037508011,0.15614700317382812
2020-08-10,0.16635599732398987,0.17692099511623383,0.15682700276374817,0.1745080053806305
2020-08-11,0.33855700492858887,0.36826398968696594,0.16335099935531616,0.16573800146579742
2020-08-12,0.2792719900608063,0.34241199493408203,0.24083900451660156,0.34241199493408203
2020-08-13,0.2654849886894226,0.293163001537323,0.2535269856452942,0.28105100989341736
2020-08-14,0.24074600636959076,0.2845489978790283,0.23494799435138702,0.2659989893436432
2020-08-15,0.20863699913024902,0.24793599545955658,0.20103399455547333,0.24071599543094635
2020-08-16,0.25149598717689514,0.2620350122451782,0.203683003783226,0.21072199940681458
2020-08-17,0.23132599890232086,0.2845030128955841,0.2250259965658188,0.25149598717689514
2020-08-18,0.2170809954404831,0.23996500670909882,0.2069769948720932,0.23445099592208862
2020-08-19,0.21559999883174896,0.22764499485492706,0.19892600178718567,0.2161089926958084
2020-08-20,0.23258599638938904,0.24244800209999084,0.21371600031852722,0.21559999883174896
2020-08-21,0.2177090048789978,0.23951900005340576,0.2121250033378601,0.23208700120449066
2020-08-22,0.22347800433635712,0.25689199566841125,0.202674999833107,0.21647599339485168
2020-08-23,0.20974600315093994,0.24229499697685242,0.20027799904346466,0.2214049994945526
2020-08-24,0.2030940055847168,0.21217499673366547,0.19956299662590027,0.20833300054073334
2020-08-25,0.195715993642807,0.2077070027589798,0.19173100590705872,0.20355099439620972
2020-08-26,0.17606699466705322,0.19909800589084625,0.16426600515842438,0.19577200710773468
2020-08-27,0.18580399453639984,0.19803999364376068,0.17665599286556244,0.17672400176525116
2020-08-28,0.18793199956417084,0.19232599437236786,0.18433800339698792,0.18593500554561615
2020-08-29,0.2045619934797287,0.20627599954605103,0.18684500455856323,0.18844500184059143
2020-08-30,0.18905700743198395,0.20931600034236908,0.1889359951019287,0.20538200438022614
2020-08-31,0.18155500292778015,0.19209900498390198,0.17853599786758423,0.1884550005197525
2020-09-01,0.17045700550079346,0.1828719973564148,0.1639540046453476,0.18152299523353577
2020-09-02,0.17062599956989288,0.18620799481868744,0.1621679961681366,0.17010100185871124
2020-09-03,0.15319199860095978,0.18955299258232117,0.15151500701904297,0.167945995926857
2020-09-04,0.17172600328922272,0.1737779974937439,0.14837899804115295,0.15411600470542908
2020-09-05,0.15661799907684326,0.1857679933309555,0.15366700291633606,0.1733749955892563
2020-09-06,0.1735610067844391,0.18247300386428833,0.1541540026664734,0.15712399780750275
2020-09-07,0.1729550063610077,0.18046799302101135,0.16359999775886536,0.1751050055027008
2020-09-08,0.1731490045785904,0.19162799417972565,0.16587400436401367,0.17161999642848969
2020-09-09,0.17959199845790863,0.18515099585056305,0.16912199556827545,0.17338399589061737
2020-09-10,0.19172799587249756,0.19420400261878967,0.17885899543762207,0.17959199845790863
2020-09-11,0.18906700611114502,0.19557499885559082,0.18396399915218353,0.19107699394226074
2020-09-12,0.20602799952030182,0.2211730033159256,0.18722400069236755,0.1896979957818985
2020-09-13,0.211994007229805,0.22093600034713745,0.19674399495124817,0.20602799952030182
2020-09-14,0.19849300384521484,0.22023700177669525,0.19522300362586975,0.21162199974060059
2020-09-15,0.1872040033340454,0.21224400401115417,0.18098300695419312,0.19849300384521484
2020-09-16,0.18627199530601501,0.19126400351524353,0.17783400416374207,0.1876779943704605
2020-09-17,0.17976799607276917,0.208856001496315,0.16966800391674042,0.18627199530601501
2020-09-18,0.19778500497341156,0.20800499618053436,0.17987799644470215,0.17987799644470215
2020-09-19,0.18871299922466278,0.1996690034866333,0.1699029952287674,0.19763900339603424
2020-09-20,0.1871200054883957,0.19073300063610077,0.1723109930753708,0.184128999710083
2020-09-21,0.16380099952220917,0.1876389980316162,0.15280599892139435,0.1871200054883957
2020-09-22,0.16525499522686005,0.17798100411891937,0.15434500575065613,0.1621820032596588
2020-09-23,0.17636699974536896,0.1778459995985031,0.15741099417209625,0.1640090048313141
2020-09-24,0.1694370061159134,0.17748600244522095,0.15866300463676453,0.172433003783226
2020-09-25,0.16064099967479706,0.17917899787425995,0.15806299448013306,0.1725340038537979
2020-09-26,0.16173699498176575,0.17637899518013,0.1578119993209839,0.1584469974040985
2020-09-27,0.15894700586795807,0.16552099585533142,0.15622200071811676,0.16155700385570526
2020-09-28,0.17567899823188782,0.18207800388336182,0.15693700313568115,0.15929800271987915
2020-09-29,0.17710399627685547,0.18080900609493256,0.15825800597667694,0.1761849969625473
2020-09-30,0.15982800722122192,0.18788699805736542,0.150300994515419,0.1767919957637787
2020-10-01,0.1591240018606186,0.16557100415229797,0.15286999940872192,0.1600250005722046
2020-10-02,0.14636899530887604,0.1630380004644394,0.14385899901390076,0.15820099413394928
2020-10-03,0.1530199944972992,0.1594880074262619,0.14557500183582306,0.1482830047607422
2020-10-04,0.15182100236415863,0.159852996468544,0.14960800111293793,0.15282200276851654
2020-10-05,0.15297000110149384,0.15971599519252777,0.14676199853420258,0.15046800673007965
2020-10-06,0.14663100242614746,0.15674099326133728,0.1441120058298111,0.15226800739765167
2020-10-07,0.14758500456809998,0.1504729986190796,0.1408970057964325,0.14686399698257446
2020-10-08,0.143653005361557,0.14966900646686554,0.1388629972934723,0.147148996591568
2020-10-09,0.15026800334453583,0.15414899587631226,0.1409430056810379,0.14196500182151794
2020-10-10,0.150968998670578,0.15648800134658813,0.1441739946603775,0.1519930064678192
2020-10-11,0.14633500576019287,0.15174099802970886,0.1428219974040985,0.1482200026512146
2020-10-12,0.14509199559688568,0.1526000052690506,0.1430860012769699,0.14628300070762634
2020-10-13,0.14583900570869446,0.14973099529743195,0.14128899574279785,0.1438709944486618
2020-10-14,0.14922699332237244,0.15109500288963318,0.14292499423027039,0.14624300599098206
2020-10-15,0.14482800662517548,0.14994800090789795,0.139505997300148,0.14797599613666534
2020-10-16,0.138604998588562,0.1465809941291809,0.13446100056171417,0.14529600739479065
2020-10-17,0.13869599997997284,0.14237700402736664,0.13399000465869904,0.1387529969215393
2020-10-18,0.13687999546527863,0.1433809995651245,0.13393400609493256,0.13849599659442902
2020-10-19,0.13106299936771393,0.13979299366474152,0.13093000650405884,0.13684199750423431
2020-10-20,0.12824000418186188,0.13527099788188934,0.1272909939289093,0.13205799460411072
2020-10-21,0.13168099522590637,0.1341640055179596,0.12557999789714813,0.13079500198364258
2020-10-22,0.1360509991645813,0.14169099926948547,0.12661899626255035,0.13152000308036804
2020-10-23,0.13694000244140625,0.13866500556468964,0.13136200606822968,0.13733400404453278
2020-10-24,0.13329699635505676,0.13749900460243225,0.13031500577926636,0.13694000244140625
2020-10-25,0.13726800680160522,0.1383039951324463,0.13323800265789032,0.13329699635505676
2020-10-26,0.13390100002288818,0.13944700360298157,0.13126300275325775,0.13726800680160522
2020-10-27,0.12644299864768982,0.13790300488471985,0.11350499838590622,0.13390100002288818
2020-10-28,0.12200699746608734,0.1279599964618683,0.11804100126028061,0.12644299864768982
2020-10-29,0.10859999805688858,0.12599000334739685,0.07436200231313705,0.12200699746608734
2020-10-30,0.10632599890232086,0.1132809966802597,0.061264000833034515,0.10859999805688858
2020-10-31,0.07768700271844864,0.11198599636554718,0.07598400115966797,0.10632599890232086
2020-11-01,0.10404200106859207,0.1101590022444725,0.0775500014424324,0.07768700271844864
2020-11-02,0.09307199716567993,0.11315599828958511,0.08213800191879272,0.10404200106859207
2020-11-03,0.10520400106906891,0.11542300134897232,0.08366400003433228,0.09307199716567993
2020-11-04,0.09117700159549713,0.11010400205850601,0.08598099648952484,0.10520400106906891
2020-11-05,0.10333400219678879,0.10783799737691879,0.08549900352954865,0.09117700159549713
2020-11-06,0.11758500337600708,0.1292160004377365,0.09486199915409088,0.10333400219678879
2020-11-07,0.1012749969959259,0.12701000273227692,0.09721100330352783,0.11758500337600708
2020-11-08,0.13113999366760254,0.13582099974155426,0.09943900257349014,0.1012749969959259
2020-11-09,0.1481260061264038,0.14881199598312378,0.1223979964852333,0.13113999366760254
2020-11-10,0.15948699414730072,0.16034400463104248,0.1465190052986145,0.1481260061264038
2020-11-11,0.1806109994649887,0.18061399459838867,0.14972500503063202,0.15948699414730072
2020-11-12,0.1619729995727539,0.1806109994649887,0.16113600134849548,0.1806109994649887
2020-11-13,0.1546739935874939,0.1619729995727539,0.1545110046863556,0.1619729995727539
2020-11-14,0.15569299459457397,0.15728600323200226,0.15215200185775757,0.1546739935874939
2020-11-15,0.15252700448036194,0.1557759940624237,0.1520179957151413,0.15569299459457397
2020-11-16,0.14586399495601654,0.15324600040912628,0.1444229930639267,0.15252700448036194
2020-11-17,0.14679500460624695,0.1496250033378601,0.14439399540424347,0.1463019996881485
2020-11-18,0.14247900247573853,0.1487800031900406,0.14145900309085846,0.14679500460624695
2020-11-19,0.1430010050535202,0.14763100445270538,0.1408730000257492,0.14247900247573853
2020-11-20,0.1437380015850067,0.14693599939346313,0.1401360034942627,0.1430010050535202
2020-11-21,0.14114999771118164,0.14775699377059937,0.1388619989156723,0.1437380015850067
2020-11-22,0.14295600354671478,0.14413300156593323,0.13762299716472626,0.14114999771118164
2020-11-23,0.1373170018196106,0.14295999705791473,0.13572099804878235,0.14295600354671478
2020-11-24,0.14145700633525848,0.14299599826335907,0.13587400317192078,0.13731899857521057
2020-11-25,0.13834400475025177,0.1428070068359375,0.13647300004959106,0.14145900309085846
2020-11-26,0.12886999547481537,0.14078499376773834,0.12840700149536133,0.1383419930934906
2020-11-27,0.12881800532341003,0.13284899294376373,0.12468499690294266,0.12888100743293762
2020-11-28,0.12792299687862396,0.1301109939813614,0.12518399953842163,0.12881900370121002
2020-11-29,0.12710100412368774,0.13204699754714966,0.12466699630022049,0.12792499363422394
2020-11-30,0.128044992685318,0.1308159977197647,0.12582199275493622,0.12710000574588776
2020-12-01,0.12455099821090698,0.12966300547122955,0.12173700332641602,0.128044992685318
2020-12-02,0.12384899705648422,0.12550799548625946,0.11986800283193588,0.12455599755048752
2020-12-03,0.1207130029797554,0.12465299665927887,0.11988499760627747,0.12385199964046478
2020-12-04,0.11916100233793259,0.12188799679279327,0.11647900193929672,0.1207130029797554
2020-12-05,0.11841800063848495,0.12118399888277054,0.11722899973392487,0.119159996509552
2020-12-06,0.11758899688720703,0.11962500214576721,0.11472699791193008,0.11841800063848495
2020-12-07,0.11678600311279297,0.12182199954986572,0.11019299924373627,0.1175910010933876
2020-12-08,0.09945899993181229,0.11955299973487854,0.09306199848651886,0.11679200083017349
2020-12-09,0.10124699771404266,0.1097090020775795,0.09805099666118622,0.09945499897003174
2020-12-10,0.10328599810600281,0.10692399740219116,0.09851499646902084,0.10124299675226212
2020-12-11,0.09899400174617767,0.10546600073575974,0.09678400307893753,0.10329200327396393
2020-12-12,0.09691499918699265,0.10547800362110138,0.09512100368738174,0.09899500012397766
2020-12-13,0.09363099932670593,0.1002969965338707,0.09362799674272537,0.09691199660301208
2020-12-14,0.0971589982509613,0.10217999666929245,0.09362799674272537,0.09362799674272537
2020-12-15,0.09767100214958191,0.10148999840021133,0.09391599893569946,0.09716100245714188
2020-12-16,0.10155099630355835,0.1029290035367012,0.09486199915409088,0.09766799956560135
2020-12-17,0.10469300299882889,0.13183900713920593,0.09491900354623795,0.10155700147151947
2020-12-18,0.10140199959278107,0.1069289967417717,0.09861200302839279,0.10469099879264832
2020-12-19,0.11062599718570709,0.1330289989709854,0.09996099770069122,0.10140000283718109
2020-12-20,0.10036800056695938,0.12330999970436096,0.100040003657341,0.1106249988079071
2020-12-21,0.09891100227832794,0.1095229983329773,0.09216199815273285,0.10036800056695938
2020-12-22,0.09569700062274933,0.1041949987411499,0.09569700062274933,0.0989060029387474
2020-12-23,0.09413599967956543,0.09833499789237976,0.09353899955749512,0.0956989973783493
2020-12-24,0.0952330008149147,0.09900099784135818,0.09332600235939026,0.09413299709558487
2020-12-25,0.09583400189876556,0.09835200011730194,0.09391800314188004,0.09523700177669525
2020-12-26,0.09499300271272659,0.10311999917030334,0.09310200065374374,0.09583400189876556
2020-12-27,0.08848000317811966,0.0957610011100769,0.08604300022125244,0.09499599784612656
2020-12-28,0.08609600365161896,0.09111999720335007,0.08582600206136703,0.08848000317811966
2020-12-29,0.08760300278663635,0.10053300112485886,0.08522699773311615,0.08609399944543839
2020-12-30,0.08517800271511078,0.09246800094842911,0.0844929963350296,0.08760400116443634
2020-12-31,0.08793599903583527,0.09053999930620193,0.08447100222110748,0.0851769968867302
2021-01-01,0.08560899645090103,0.0909850001335144,0.0842519998550415,0.08793599903583527
2021-01-02,0.0846719965338707,0.08975999802350998,0.08400200307369232,0.0856110006570816
2021-01-03,0.0840120017528534,0.0884229987859726,0.08303599804639816,0.08468600362539291
2021-01-04,0.09108100086450577,0.0970740020275116,0.07865899801254272,0.08401499688625336
2021-01-05,0.08432699739933014,0.09941799938678741,0.07355300337076187,0.09108000248670578
2021-01-06,0.08448000252246857,0.08805300295352936,0.08397199958562851,0.08432699739933014
2021-01-07,0.08652099967002869,0.08976499736309052,0.08379899710416794,0.08448699861764908
2021-01-08,0.08448400348424911,0.09161800146102905,0.08312699943780899,0.08652199804782867
2021-01-09,0.08375699818134308,0.08557099848985672,0.08304300159215927,0.08448600023984909
2021-01-10,0.08391699939966202,0.08759500086307526,0.08298599720001221,0.08376199752092361
2021-01-11,0.08587999641895294,0.09245000034570694,0.08130700141191483,0.08391699939966202
2021-01-12,0.08255700021982193,0.08624400198459625,0.07990100234746933,0.08588200062513351
2021-01-13,0.08197499811649323,0.0847179964184761,0.08032599836587906,0.0825520008802414
2021-01-14,0.0812470018863678,0.08324400335550308,0.08084599673748016,0.08197300136089325
2021-01-15,0.07005400210618973,0.08542100340127945,0.0460049994289875,0.08124499768018723
2021-01-16,0.056522998958826065,0.07318499684333801,0.04224599897861481,0.07005099952220917
2021-01-17,0.06421200186014175,0.07695499807596207,0.05652400106191635,0.05652400106191635
2021-01-18,0.057475000619888306,0.06872999668121338,0.05687100067734718,0.0642089992761612
2021-01-19,0.05917299911379814,0.063510000705719,0.05003400146961212,0.057475000619888306
2021-01-20,0.054308000952005386,0.06116899847984314,0.05216500163078308,0.05917000025510788
2021-01-21,0.05446099862456322,0.06466999650001526,0.05416800081729889,0.054308000952005386
2021-01-22,0.056203000247478485,0.060022998601198196,0.05018100142478943,0.0544620007276535
2021-01-23,0.06301599740982056,0.06659899652004242,0.05283299833536148,0.05619699880480766
2021-01-24,0.05918699875473976,0.06469900161027908,0.05659199878573418,0.06301499903202057
2021-01-25,0.05960100144147873,0.06166199967265129,0.05814699828624725,0.05918699875473976
2021-01-26,0.060777001082897186,0.06609699875116348,0.05896899849176407,0.059602998197078705
2021-01-27,0.057137999683618546,0.06174200028181076,0.05481300130486488,0.060777001082897186
2021-01-28,0.059390999376773834,0.06056400015950203,0.05597199872136116,0.057137999683618546
2021-01-29,0.05982000008225441,0.06089099869132042,0.05643799901008606,0.05994400009512901
2021-01-30,0.05521300062537193,0.06144699826836586,0.05416199937462807,0.05981700122356415
2021-01-31,0.05432099848985672,0.061597999185323715,0.04898399859666824,0.05521100014448166
2021-02-01,0.06450600177049637,0.06869000196456909,0.05088299885392189,0.05432000011205673
2021-02-02,0.05791400000452995,0.06470199674367905,0.05375700071454048,0.0645039975643158
2021-02-03,0.056717000901699066,0.06222900003194809,0.054999999701976776,0.05791600048542023
2021-02-04,0.057427000254392624,0.0595409981906414,0.05370499938726425,0.05671599879860878
2021-02-05,0.05361799895763397,0.05856199935078621,0.05261800065636635,0.0574290007352829
2021-02-06,0.05652400106191635,0.059544000774621964,0.053158000111579895,0.053617000579833984
2021-02-07,0.06175300106406212,0.06785999983549118,0.05511000007390976,0.05652499943971634
2021-02-08,0.06289400160312653,0.06637600064277649,0.056765999644994736,0.06175199896097183
2021-02-09,0.06288599967956543,0.07773800194263458,0.05717699974775314,0.06289800256490707
2021-02-10,0.06886699795722961,0.08909700065851212,0.06197100132703781,0.06289000064134598
2021-02-11,0.0692640021443367,0.08001899719238281,0.05851000174880028,0.06886500120162964
2021-02-12,0.06756100058555603,0.07140400260686874,0.062359001487493515,0.06925900280475616
2021-02-13,0.06999500095844269,0.0710349977016449,0.062428999692201614,0.06756100058555603
2021-02-14,0.06859300285577774,0.07514700293540955,0.06666900217533112,0.06999599933624268
2021-02-15,0.06800000369548798,0.06927599757909775,0.06518899649381638,0.06859400123357773
2021-02-16,0.07055900245904922,0.08138599991798401,0.06739100068807602,0.06800299882888794
2021-02-17,0.0753680020570755,0.07979299873113632,0.06792400032281876,0.07055599987506866
2021-02-18,0.07604800164699554,0.0776510015130043,0.06550800055265427,0.07536900043487549
2021-02-19,0.06957799941301346,0.07655800133943558,0.06183600053191185,0.07604700326919556
2021-02-20,0.06931900233030319,0.08331599831581116,0.06645700335502625,0.0695749968290329
2021-02-21,0.0792739987373352,0.08546300232410431,0.06833299994468689,0.06931900233030319
2021-02-22,0.09073899686336517,0.09481099992990494,0.07763200253248215,0.0792739987373352
2021-02-23,0.06737200170755386,0.09369099885225296,0.0661650002002716,0.09074000269174576
2021-02-24,0.07092499732971191,0.07854600250720978,0.06411000341176987,0.06737300008535385
2021-02-25,0.06800399720668793,0.07831399887800217,0.06402000039815903,0.0709260031580925
2021-02-26,0.06170700117945671,0.07485099881887436,0.059179000556468964,0.06800799816846848
2021-02-27,0.06502699851989746,0.06637600064277649,0.059943001717329025,0.06171000003814697
2021-02-28,0.06089400127530098,0.06521199643611908,0.05911700055003166,0.06502299755811691
2021-03-01,0.061556000262498856,0.06523799896240234,0.058720000088214874,0.06089400127530098
2021-03-02,0.06159599870443344,0.06942100077867508,0.05965400114655495,0.061553001403808594
2021-03-03,0.05855799838900566,0.06279099732637405,0.05663299933075905,0.061597999185323715
2021-03-04,0.05709800124168396,0.061514999717473984,0.055691998451948166,0.05855900049209595
2021-03-05,0.0556039996445179,0.06211499869823456,0.054747000336647034,0.05709899961948395
2021-03-06,0.058699000626802444,0.06485400348901749,0.05539200082421303,0.0556039996445179
2021-03-07,0.05857999995350838,0.06024299934506416,0.05511099845170975,0.05870100110769272
2021-03-08,0.05599699914455414,0.06006399914622307,0.05480099841952324,0.05858200043439865
2021-03-09,0.05693399906158447,0.058361999690532684,0.05527399852871895,0.05599699914455414
2021-03-10,0.058313000947237015,0.06001399829983711,0.05561000108718872,0.05693500116467476
2021-03-11,0.054405998438596725,0.06369999796152115,0.05418600142002106,0.05831100046634674
2021-03-12,0.06368400156497955,0.064751997590065,0.052997998893260956,0.05440700054168701
2021-03-13,0.058423999696969986,0.06711199879646301,0.05636399984359741,0.06368499994277954
2021-03-14,0.05641299858689308,0.06652399897575378,0.05622600018978119,0.05842199921607971
2021-03-15,0.06375399976968765,0.06859400123357773,0.05621299892663956,0.05641299858689308
2021-03-16,0.06046599894762039,0.06706500053405762,0.057815998792648315,0.06375399976968765
2021-03-17,0.06419999897480011,0.06420399993658066,0.05836699903011322,0.06046700105071068
2021-03-18,0.0585159994661808,0.06516800075769424,0.05807400122284889,0.06419699639081955
2021-03-19,0.06673499941825867,0.07095299661159515,0.05811699852347374,0.05851199850440025
2021-03-20,0.06639999896287918,0.07165300101041794,0.06323900073766708,0.0667250007390976
2021-03-21,0.07999899983406067,0.08668100088834763,0.06426999717950821,0.06639000028371811
2021-03-22,0.07983499765396118,0.08487799763679504,0.07237300276756287,0.08000800013542175
2021-03-23,0.07311400026082993,0.08135200291872025,0.07125400006771088,0.07984200119972229
2021-03-24,0.07505200058221817,0.0778060033917427,0.07013999670743942,0.07312999665737152
2021-03-25,0.07587199658155441,0.08210799843072891,0.07163199782371521,0.07505299896001816
2021-03-26,0.0791810005903244,0.08771400153636932,0.0721300020813942,0.07586800307035446
2021-03-27,0.08868499845266342,0.08977299928665161,0.07668299973011017,0.07917100191116333
2021-03-28,0.09505300223827362,0.10034999996423721,0.08195099979639053,0.0886939987540245
2021-03-29,0.0922740027308464,0.09644900262355804,0.08477900177240372,0.09503500163555145
2021-03-30,0.0898590013384819,0.09404399991035461,0.08619300276041031,0.09227000176906586
2021-03-31,0.08827800303697586,0.09571900218725204,0.08757299929857254,0.089867003262043
2021-04-01,0.09068799763917923,0.09294500201940536,0.0860930010676384,0.08827400207519531
2021-04-02,0.08236400038003922,0.09107600152492523,0.08194699883460999,0.09067799896001816
2021-04-03,0.08224699646234512,0.08935900032520294,0.07728900015354156,0.08235800266265869
2021-04-04,0.07885000109672546,0.08390100300312042,0.07506299763917923,0.08223800361156464
2021-04-05,0.08803600072860718,0.09119399636983871,0.07771699875593185,0.07885699719190598
2021-04-06,0.08124800026416779,0.08927399665117264,0.0801289975643158,0.08804100006818771
2021-04-07,0.0793360024690628,0.08379100263118744,0.07673600316047668,0.08125700056552887
2021-04-08,0.08293499797582626,0.08347500115633011,0.07734999805688858,0.07933700084686279
2021-04-09,0.07836999744176865,0.08834700286388397,0.07786600291728973,0.08293399959802628
2021-04-10,0.08178599923849106,0.08894199877977371,0.07767800241708755,0.07836999744176865
2021-04-11,0.08265800029039383,0.08788199722766876,0.08131899684667587,0.08178699761629105
2021-04-12,0.08068499714136124,0.08798599988222122,0.07872900366783142,0.08264800161123276
2021-04-13,0.08406999707221985,0.08885300159454346,0.0806879997253418,0.0806879997253418
2021-04-14,0.0829479992389679,0.08764299750328064,0.08044400066137314,0.08406999707221985
2021-04-15,0.08468200266361237,0.08680099993944168,0.08087799698114395,0.08295299857854843
2021-04-16,0.09548600018024445,0.09655699878931046,0.08384999632835388,0.08465699851512909
2021-04-17,0.08716599643230438,0.09573599696159363,0.08204899728298187,0.09548299759626389
2021-04-18,0.0832429975271225,0.09787700325250626,0.08226499706506729,0.08717600256204605
2021-04-19,0.08163399994373322,0.09359999746084213,0.08041299879550934,0.08325999975204468
2021-04-20,0.08060000091791153,0.08628199994564056,0.07995899766683578,0.08160799741744995
2021-04-21,0.08153299987316132,0.08767300099134445,0.08003100007772446,0.08060000091791153
2021-04-22,0.07918699830770493,0.08430100232362747,0.07766100019216537,0.08152399957180023
2021-04-23,0.07381600141525269,0.07933499664068222,0.06463199853897095,0.0792040005326271
2021-04-24,0.06737600266933441,0.07383400201797485,0.06170500069856644,0.07383199781179428
2021-04-25,0.06909099966287613,0.07048799842596054,0.06115199998021126,0.06736200302839279
2021-04-26,0.06612599641084671,0.07430800050497055,0.06230099871754646,0.0690779983997345
2021-04-27,0.0659089982509613,0.07005800306797028,0.06259000301361084,0.06611499935388565
2021-04-28,0.06631900370121002,0.06957100331783295,0.06331700086593628,0.06590499728918076
2021-04-29,0.06815800070762634,0.07820799946784973,0.06154999881982803,0.06631500273942947
2021-04-30,0.06587500125169754,0.0701809972524643,0.06571400165557861,0.06815800070762634
2021-05-01,0.06742600351572037,0.06999500095844269,0.06532900035381317,0.06588400155305862
2021-05-02,0.06792400032281876,0.06798999756574631,0.06328500062227249,0.06742099672555923
2021-05-03,0.07165499776601791,0.07944799959659576,0.0650240033864975,0.06792599707841873
2021-05-04,0.0653500035405159,0.07574500143527985,0.0647749975323677,0.0716560035943985
2021-05-05,0.06652600318193436,0.06905099749565125,0.0648680031299591,0.06533700227737427
2021-05-06,0.06621699780225754,0.07287699729204178,0.06486699730157852,0.06650900095701218
2021-05-07,0.06498599797487259,0.06936799734830856,0.06430099904537201,0.06623300164937973
2021-05-08,0.06965500116348267,0.07613400369882584,0.06295199692249298,0.06500300019979477
2021-05-09,0.069023996591568,0.07140400260686874,0.0630199983716011,0.06964799761772156
2021-05-10,0.06426800042390823,0.0715780034661293,0.06182999908924103,0.06902699917554855
2021-05-11,0.06876900047063828,0.08421699702739716,0.0632769986987114,0.06426999717950821
2021-05-12,0.0667250007390976,0.07680600136518478,0.06348499655723572,0.06876199692487717
2021-05-13,0.06466300040483475,0.06992600113153458,0.060871999710798264,0.06672599911689758
2021-05-14,0.06882999837398529,0.07469599694013596,0.06336399912834167,0.06464699655771255
2021-05-15,0.0660879984498024,0.0705140009522438,0.06525900214910507,0.06883899867534637
2021-05-16,0.0635949969291687,0.06859699636697769,0.06142900139093399,0.06606700271368027
2021-05-17,0.05576299875974655,0.06372600048780441,0.05574899911880493,0.06359600275754929
2021-05-18,0.057847000658512115,0.058448001742362976,0.05417900159955025,0.055741000920534134
2021-05-19,0.05015299841761589,0.07309599965810776,0.0406309999525547,0.05784999951720238
2021-05-20,0.04646399989724159,0.05081599950790405,0.042500998824834824,0.0501520000398159
2021-05-21,0.04082399979233742,0.05437599867582321,0.035642001777887344,0.046466000378131866
2021-05-22,0.0346280001103878,0.04161500185728073,0.030156999826431274,0.04082399979233742
2021-05-23,0.037744998931884766,0.03862699866294861,0.032882001250982285,0.034627001732587814
2021-05-24,0.042233001440763474,0.04477199912071228,0.03692400082945824,0.037744998931884766
2021-05-25,0.03913300111889839,0.04254800081253052,0.03785499930381775,0.04223499819636345
2021-05-26,0.03931400179862976,0.03992500156164169,0.03782700002193451,0.039135999977588654
2021-05-27,0.04399900138378143,0.04792499914765358,0.03837599977850914,0.03931200131773949
2021-05-28,0.04601500183343887,0.04902699962258339,0.03965200111269951,0.04399799928069115
2021-05-29,0.04954399913549423,0.05122600123286247,0.04088599979877472,0.04600999876856804
2021-05-30,0.04504799842834473,0.05060900002717972,0.04504799842834473,0.04954399913549423
2021-05-31,0.0494219996035099,0.05007600039243698,0.04206399992108345,0.04505300149321556
2021-06-01,0.04706599935889244,0.05094600096344948,0.04450700059533119,0.049424998462200165
2021-06-02,0.047513000667095184,0.05099499970674515,0.045090001076459885,0.04707099869847298
2021-06-03,0.04946200177073479,0.05116000026464462,0.04398500174283981,0.04751899838447571
2021-06-04,0.05423099920153618,0.05580399930477142,0.04570399969816208,0.04946700111031532
2021-06-05,0.05275300145149231,0.060819998383522034,0.0510529987514019,0.05422300100326538
2021-06-06,0.047293998301029205,0.053412001579999924,0.04639999940991402,0.05274200066924095
2021-06-07,0.046459000557661057,0.04844500124454498,0.045138999819755554,0.047293998301029205
2021-06-08,0.06651099771261215,0.07070299983024597,0.04616599902510643,0.04646199941635132
2021-06-09,0.07407300174236298,0.07887499779462814,0.0610090009868145,0.06651099771261215
2021-06-10,0.07249700278043747,0.07919099926948547,0.06605800241231918,0.07407499849796295
2021-06-11,0.06595200300216675,0.07353100180625916,0.06508400291204453,0.07249400019645691
2021-06-12,0.06158199906349182,0.06720899790525436,0.057992998510599136,0.0659559965133667
2021-06-13,0.06218799948692322,0.06582199782133102,0.05641299858689308,0.061581000685691833
2021-06-14,0.06478100270032883,0.06502600014209747,0.06143900007009506,0.062192000448703766
2021-06-15,0.061854999512434006,0.06874000281095505,0.057089000940322876,0.0645970031619072
2021-06-16,0.05238499864935875,0.06201300024986267,0.05156100168824196,0.06195800006389618
2021-06-17,0.05082700029015541,0.056533001363277435,0.05020499974489212,0.052379000931978226
2021-06-18,0.05365699902176857,0.0590829998254776,0.04996899887919426,0.050829000771045685
2021-06-19,0.05370600149035454,0.05682799965143204,0.04745500162243843,0.05366000160574913
2021-06-20,0.04720599949359894,0.05381700024008751,0.04599300026893616,0.05369900166988373
2021-06-21,0.04360799863934517,0.05232499912381172,0.04222099855542183,0.047203000634908676
2021-06-22,0.041992999613285065,0.045030999928712845,0.03832300007343292,0.04360400140285492
2021-06-23,0.0402659997344017,0.04331099987030029,0.03830999881029129,0.04199200123548508
2021-06-24,0.038394998759031296,0.03956399857997894,0.034501999616622925,0.038527000695466995
2021-06-25,0.03555700182914734,0.039507001638412476,0.03548600152134895,0.038398001343011856
2021-06-26,0.03379800170660019,0.037379998713731766,0.03379400074481964,0.035555001348257065
2021-06-27,0.036628998816013336,0.03672400116920471,0.03379400074481964,0.03379400074481964
2021-06-28,0.03599400073289871,0.03662800043821335,0.03366199880838394,0.03662699833512306
2021-06-29,0.03810799866914749,0.03834899887442589,0.0344570018351078,0.035989999771118164
2021-06-30,0.03690899908542633,0.03993599861860275,0.036768000572919846,0.03810400143265724
2021-07-01,0.03664499893784523,0.037974998354911804,0.03580300137400627,0.03690800070762634
2021-07-02,0.03440399840474129,0.03695499897003174,0.0338280014693737,0.03664400056004524
2021-07-03,0.03870699927210808,0.03946499899029732,0.03415900096297264,0.0344030000269413
2021-07-04,0.03681899979710579,0.04149100184440613,0.034793999046087265,0.038704000413417816
2021-07-05,0.037620000541210175,0.03832300007343292,0.03634199872612953,0.03682300075888634
2021-07-06,0.034185998141765594,0.03926900029182434,0.03277600184082985,0.0376180000603199
2021-07-07,0.03239800035953522,0.0350629985332489,0.03033900074660778,0.03418799862265587
2021-07-08,0.03309699892997742,0.034671999514102936,0.03144000098109245,0.03240000084042549
2021-07-09,0.03233800083398819,0.04612400010228157,0.030787000432610512,0.03309699892997742
2021-07-10,0.032444000244140625,0.03421200066804886,0.031504999846220016,0.03234099969267845
2021-07-11,0.043898001313209534,0.06960000097751617,0.031491998583078384,0.03244100138545036
2021-07-12,0.0345739983022213,0.04995400086045265,0.03248000144958496,0.04389899969100952
2021-07-13,0.03550500050187111,0.03754900023341179,0.03393999859690666,0.03457299992442131
2021-07-14,0.034001998603343964,0.04051100090146065,0.032503001391887665,0.03550000116229057
2021-07-15,0.033806998282670975,0.0410039983689785,0.030906999483704567,0.034005001187324524
2021-07-16,0.03395799919962883,0.03616899996995926,0.033413998782634735,0.03381099924445152
2021-07-17,0.033348001539707184,0.03639400005340576,0.03324199840426445,0.03395700082182884
2021-07-18,0.03377600014209747,0.03624600172042847,0.03318300098180771,0.033348001539707184
2021-07-19,0.03320299834012985,0.03460700064897537,0.03166000172495842,0.033775001764297485
2021-07-20,0.03280699998140335,0.034109000116586685,0.031543001532554626,0.03320299834012985
2021-07-21,0.03440999984741211,0.03680400177836418,0.03185100108385086,0.03280699998140335
2021-07-22,0.03357600048184395,0.03452000021934509,0.03328099846839905,0.03440999984741211
2021-07-23,0.03244299814105034,0.03393099829554558,0.03230400010943413,0.03357600048184395
2021-07-24,0.03184900060296059,0.03342499956488609,0.0296229999512434,0.032444000244140625
2021-07-25,0.030904000625014305,0.03269299864768982,0.030789999291300774,0.03184900060296059
2021-07-26,0.03139600157737732,0.034612998366355896,0.03080499917268753,0.030905000865459442
2021-07-27,0.030548999086022377,0.031748998910188675,0.028991999104619026,0.03139999881386757
2021-07-28,0.030894000083208084,0.031026000156998634,0.02960599958896637,0.030548999086022377
2021-07-29,0.030704999342560768,0.0317239984869957,0.029728999361395836,0.03089500032365322
2021-07-30,0.029911000281572342,0.03150400146842003,0.02980799973011017,0.030702000483870506
2021-07-31,0.03151100128889084,0.031814999878406525,0.029418999329209328,0.02990799956023693
2021-08-01,0.03080900013446808,0.03181099891662598,0.03020000085234642,0.03150799870491028
2021-08-02,0.030215999111533165,0.03170999884605408,0.030107000842690468,0.03080900013446808
2021-08-03,0.02820800058543682,0.03101399913430214,0.027109000831842422,0.030215000733733177
2021-08-04,0.029498999938368797,0.031005000695586205,0.0276040006428957,0.028207000344991684
2021-08-05,0.030503999441862106,0.03130200132727623,0.029082000255584717,0.029500000178813934
2021-08-06,0.03110400028526783,0.031532999128103256,0.02853499911725521,0.030504999682307243
2021-08-07,0.08505800366401672,0.08507400006055832,0.030021000653505325,0.031106000766158104
2021-08-08,0.03332100063562393,0.08506099879741669,0.03280600160360336,0.08504799753427505
2021-08-09,0.04570600017905235,0.061546001583337784,0.032728999853134155,0.03332500159740448
2021-08-10,0.03390999883413315,0.058118000626564026,0.03349199891090393,0.04570699855685234
2021-08-11,0.036619000136852264,0.04850500077009201,0.032412998378276825,0.033911000937223434
2021-08-12,0.0362199991941452,0.04013200104236603,0.03601599857211113,0.03661999851465225
2021-08-13,0.03690600022673607,0.05501300096511841,0.03320600092411041,0.0362199991941452
2021-08-14,0.038127999752759933,0.04273499920964241,0.03500499948859215,0.03691000118851662
2021-08-15,0.03612300008535385,0.03863200172781944,0.033233001828193665,0.03812199831008911
2021-08-16,0.034012001007795334,0.03661999851465225,0.03331200033426285,0.03612300008535385
2021-08-17,0.03520800173282623,0.037018001079559326,0.03371100127696991,0.03401299938559532
2021-08-18,0.03225899860262871,0.03531799837946892,0.029817000031471252,0.03520699962973595
2021-08-19,0.029231000691652298,0.032276999205350876,0.028307000175118446,0.03225500136613846
2021-08-20,0.032267000526189804,0.03387700021266937,0.02844100072979927,0.029231000691652298
2021-08-21,0.031679000705480576,0.034602001309394836,0.031644999980926514,0.03227199986577034
2021-08-22,0.0318089984357357,0.032377999275922775,0.03142099827528,0.03168199956417084
2021-08-23,0.03686799854040146,0.045083001255989075,0.03168400004506111,0.0318089984357357
2021-08-24,0.036184001713991165,0.042344000190496445,0.035597000271081924,0.03686999902129173
2021-08-25,0.03809000179171562,0.04200899973511696,0.035613998770713806,0.03618000075221062
2021-08-26,0.03663500025868416,0.04230999946594238,0.035245999693870544,0.03807999938726425
2021-08-27,0.03649599850177765,0.04004700109362602,0.03641099855303764,0.036635998636484146
2021-08-28,0.045527998358011246,0.04554799944162369,0.037181999534368515,0.0371830016374588
2021-08-29,0.09211999922990799,0.09509199857711792,0.04277700185775757,0.04552900046110153
2021-08-30,0.0722770020365715,0.09212300181388855,0.06106499955058098,0.09212300181388855
2021-08-31,0.06212000176310539,0.07991600036621094,0.06161300092935562,0.072284996509552
2021-09-01,0.05182899907231331,0.06350599974393845,0.05002700164914131,0.06212899833917618
2021-09-02,0.047680001705884933,0.051826998591423035,0.04558899998664856,0.051826998591423035
2021-09-03,0.04562100023031235,0.05111199989914894,0.044564999639987946,0.047672998160123825
2021-09-04,0.04311399906873703,0.0491270013153553,0.0403439998626709,0.04562000185251236
2021-09-05,0.044022999703884125,0.04459699988365173,0.042500998824834824,0.04310699924826622
2021-09-06,0.04416399821639061,0.046355001628398895,0.04312099888920784,0.04402200132608414
2021-09-07,0.037425000220537186,0.04431400075554848,0.0371129997074604,0.04400400072336197
2021-09-08,0.036260999739170074,0.03969400003552437,0.03606399893760681,0.037418000400066376
2021-09-09,0.03559599816799164,0.04987400025129318,0.035110000520944595,0.03627200052142143
2021-09-10,0.03583899885416031,0.03910699859261513,0.03522200137376785,0.03559499979019165
2021-09-11,0.0369190014898777,0.038256000727415085,0.035020001232624054,0.03584099933505058
2021-09-12,0.036006998270750046,0.038040999323129654,0.0350009985268116,0.03691599890589714
2021-09-13,0.03302200138568878,0.03635900095105171,0.03301699832081795,0.03600899875164032
2021-09-14,0.034028999507427216,0.03549300134181976,0.033018000423908234,0.033018000423908234
2021-09-15,0.036421999335289,0.036747999489307404,0.030976999551057816,0.034026000648736954
2021-09-16,0.03505200147628784,0.04300700128078461,0.033264998346567154,0.03642699867486954
2021-09-17,0.03513599932193756,0.038979001343250275,0.03429599851369858,0.03505599871277809
2021-09-18,0.034053001552820206,0.03696500137448311,0.0339680016040802,0.035137999802827835
2021-09-19,0.03626200184226036,0.057753998786211014,0.03384299948811531,0.03405199944972992
2021-09-20,0.03203200176358223,0.04631900042295456,0.03202800080180168,0.03626599907875061
2021-09-21,0.032683998346328735,0.0341930016875267,0.03200799971818924,0.032026998698711395
2021-09-22,0.03508099913597107,0.04852600023150444,0.031014999374747276,0.03268299996852875
2021-09-23,0.03377800062298775,0.036389999091625214,0.032019998878240585,0.035082001239061356
2021-09-24,0.03255699947476387,0.035301998257637024,0.03107599914073944,0.03377699851989746
2021-09-25,0.03278199955821037,0.03332100063562393,0.03095100075006485,0.03255699947476387
2021-09-26,0.0303530003875494,0.03331499919295311,0.030045999214053154,0.03278199955821037
2021-09-27,0.032687000930309296,0.04258500039577484,0.030352000147104263,0.030352000147104263
2021-09-28,0.03125400096178055,0.03311200067400932,0.031113000586628914,0.032687000930309296
2021-09-29,0.031300000846385956,0.031759001314640045,0.031024999916553497,0.03125099837779999
2021-09-30,0.030914999544620514,0.032593000680208206,0.029879000037908554,0.03129899874329567
2021-10-01,0.031362999230623245,0.03347200155258179,0.030034000054001808,0.030914999544620514
2021-10-02,0.030383000150322914,0.032666999846696854,0.03006500005722046,0.031366001814603806
2021-10-03,0.03153799846768379,0.03278699889779091,0.030378999188542366,0.030378999188542366
2021-10-04,0.03138599917292595,0.032182998955249786,0.030415000393986702,0.031536001712083817
2021-10-05,0.030174000188708305,0.03551200032234192,0.02816700004041195,0.03138500079512596
2021-10-06,0.03083300031721592,0.03521899878978729,0.030070999637246132,0.03017299994826317
2021-10-07,0.0312809981405735,0.03346699848771095,0.03064499981701374,0.03082999959588051
2021-10-08,0.03209200128912926,0.03699199855327606,0.031244000419974327,0.03128200024366379
2021-10-09,0.032554998993873596,0.032694000750780106,0.030748000368475914,0.03209400177001953
2021-10-10,0.03070800006389618,0.032552000135183334,0.030657000839710236,0.032552000135183334
2021-10-11,0.029608000069856644,0.0316459983587265,0.029380999505519867,0.03071100078523159
2021-10-12,0.0304189994931221,0.031210999935865402,0.02861800044775009,0.029611000791192055
2021-10-13,0.02973400056362152,0.030595999211072922,0.02669999934732914,0.03042300045490265
2021-10-14,0.028231000527739525,0.029897000640630722,0.026757000014185905,0.029733000323176384
2021-10-15,0.027626000344753265,0.028900999575853348,0.02689399942755699,0.028231000527739525
2021-10-16,0.02733200043439865,0.028372999280691147,0.02694999985396862,0.027627000585198402
2021-10-17,0.030399000272154808,0.03891900181770325,0.026677999645471573,0.027331000193953514
2021-10-18,0.03122200071811676,0.03899899870157242,0.02922699972987175,0.03039800003170967
2021-10-19,0.0303530003875494,0.032673999667167664,0.028020000085234642,0.031221000477671623
2021-10-20,0.030386000871658325,0.030957000330090523,0.029400000348687172,0.030354000627994537
2021-10-21,0.029590999707579613,0.03605100139975548,0.029488999396562576,0.03038799948990345
2021-10-22,0.029436999931931496,0.03060699999332428,0.029412999749183655,0.029590999707579613
2021-10-23,0.030886000022292137,0.032040998339653015,0.02941500023007393,0.02943599969148636
2021-10-24,0.03106899932026863,0.03396400064229965,0.0286289993673563,0.030884999781847
2021-10-25,0.030132999643683434,0.031842999160289764,0.029965000227093697,0.031067000702023506
2021-10-26,0.0291569996625185,0.03099999949336052,0.02802399918437004,0.03013399988412857
2021-10-27,0.027533000335097313,0.02924099937081337,0.02703000046312809,0.0291569996625185
2021-10-28,0.0287919994443655,0.02888599969446659,0.026271000504493713,0.027532000094652176
2021-10-29,0.02941099926829338,0.029676999896764755,0.02739799953997135,0.028793999925255775
2021-10-30,0.029402999207377434,0.03167099878191948,0.028891000896692276,0.02941099926829338
2021-10-31,0.02970300056040287,0.029961999505758286,0.029069999232888222,0.029404999688267708
2021-11-01,0.028781000524759293,0.03024500049650669,0.028355000540614128,0.029701000079512596
2021-11-02,0.02913299947977066,0.03575100004673004,0.02877799980342388,0.02877799980342388
2021-11-03,0.030340999364852905,0.03054100088775158,0.02912300080060959,0.029133999720215797
2021-11-04,0.030679000541567802,0.030869999900460243,0.02974800020456314,0.030340999364852905
2021-11-05,0.02925500087440014,0.030910000205039978,0.02728099934756756,0.03067599982023239
2021-11-06,0.028867000713944435,0.029301999136805534,0.028030000627040863,0.02925500087440014
2021-11-07,0.02885499969124794,0.030287999659776688,0.028150999918580055,0.028873000293970108
2021-11-08,0.029160000383853912,0.029239000752568245,0.027553999796509743,0.02885499969124794
2021-11-09,0.028774000704288483,0.029273999854922295,0.02855299971997738,0.029159000143408775
2021-11-10,0.02941500023007393,0.03439899906516075,0.028620000928640366,0.028775999322533607
2021-11-11,0.02848000079393387,0.03049900010228157,0.02769000083208084,0.029416000470519066
2021-11-12,0.028124000877141953,0.030372999608516693,0.02796800062060356,0.02844800055027008
2021-11-13,0.02902499958872795,0.029072999954223633,0.027465999126434326,0.028157999739050865
2021-11-14,0.02863899990916252,0.029495999217033386,0.028348000720143318,0.02902499958872795
2021-11-15,0.02764900028705597,0.029293999075889587,0.02609799988567829,0.028637999668717384
2021-11-16,0.026877999305725098,0.028092000633478165,0.02628299966454506,0.027652999386191368
2021-11-17,0.026944000273942947,0.027591999620199203,0.026101000607013702,0.026877999305725098
2021-11-18,0.02635600045323372,0.02954999916255474,0.02608799934387207,0.0269399993121624
2021-11-19,0.02853200025856495,0.02980099990963936,0.025275999680161476,0.02636300027370453
2021-11-20,0.027646999806165695,0.028874000534415245,0.02673500031232834,0.028517000377178192
2021-11-21,0.02747800014913082,0.029810000211000443,0.026364000514149666,0.027666000649333
2021-11-22,0.026108000427484512,0.029062999412417412,0.025275999680161476,0.027470000088214874
2021-11-23,0.026437999680638313,0.026660000905394554,0.025369999930262566,0.026107000187039375
2021-11-24,0.026464000344276428,0.029901999980211258,0.025457000359892845,0.02643599919974804
2021-11-25,0.1212410032749176,0.2091349959373474,0.02646300010383129,0.027388999238610268
2021-11-26,0.11176099628210068,0.14167800545692444,0.10422500222921371,0.12198600172996521
2021-11-27,0.09742999821901321,0.11378499865531921,0.09652800112962723,0.11174199730157852
2021-11-28,0.09264499694108963,0.15653599798679352,0.08254899829626083,0.09739899635314941
2021-11-29,0.09129200130701065,0.10989399999380112,0.09039299935102463,0.09263099730014801
2021-11-30,0.08681300282478333,0.09802699834108353,0.08587100356817245,0.09126599878072739
2021-12-01,0.07871799916028976,0.09122899919748306,0.07857699692249298,0.08682099729776382
2021-12-02,0.07938499748706818,0.08444400131702423,0.07598699629306793,0.0787149965763092
2021-12-03,0.07462500035762787,0.08090099692344666,0.0745289996266365,0.07942400127649307
2021-12-04,0.06717199832201004,0.0781639963388443,0.06565199792385101,0.07462599873542786
2021-12-05,0.062095001339912415,0.06838099658489227,0.06190799921751022,0.06717000156641006
2021-12-06,0.06733399629592896,0.06734500080347061,0.06211699917912483,0.06211699917912483
2021-12-07,0.06362900137901306,0.07783500105142593,0.06349299848079681,0.0673689991235733
2021-12-08,0.06802500039339066,0.06815700232982635,0.06323400139808655,0.06363300234079361
2021-12-09,0.06616400182247162,0.09413500130176544,0.06483200192451477,0.06794700026512146
2021-12-10,0.06606999784708023,0.0678969994187355,0.06490299850702286,0.06617999821901321
2021-12-11,0.0715470016002655,0.07224000245332718,0.06605900079011917,0.06605900079011917
2021-12-12,0.0712750032544136,0.08853299915790558,0.07090800255537033,0.0715389996767044
2021-12-13,0.07063499838113785,0.07290499657392502,0.0681070014834404,0.07130800187587738
2021-12-14,0.07340399920940399,0.14141599833965302,0.039753999561071396,0.07063400000333786
2021-12-15,0.07613500207662582,0.1291150003671646,0.04033299908041954,0.0733959972858429
2021-12-16,0.06767699867486954,0.08368299901485443,0.06766899675130844,0.07613500207662582
2021-12-17,0.06210000067949295,0.06952399760484695,0.058295998722314835,0.06768199801445007
2021-12-18,0.06644900143146515,0.06929899752140045,0.06210799887776375,0.06210799887776375
2021-12-19,0.0663290023803711,0.07009699940681458,0.0656069964170456,0.06644000113010406
2021-12-20,0.06381099671125412,0.06834399700164795,0.06254500150680542,0.06630700081586838
2021-12-21,0.06595300137996674,0.06673700362443924,0.062415000051259995,0.06381800025701523
2021-12-22,0.06551200151443481,0.0683239996433258,0.06489399820566177,0.06595700234174728
2021-12-23,0.06566400080919266,0.06882700324058533,0.061872001737356186,0.06550800055265427
2021-12-24,0.0650940015912056,0.06819599866867065,0.06286600232124329,0.06567399948835373
2021-12-25,0.06844999641180038,0.06903000175952911,0.06476099789142609,0.06508900225162506
2021-12-26,0.06888700276613235,0.0701799988746643,0.06751900166273117,0.06845799833536148
2021-12-27,0.06992299854755402,0.07152300328016281,0.0687130019068718,0.06887400150299072
2021-12-28,0.07038599997758865,0.07230199873447418,0.0699400007724762,0.0699400007724762
2021-12-29,0.06750799715518951,0.07116399705410004,0.06738899648189545,0.07037299871444702
2021-12-30,0.06911099702119827,0.06914699822664261,0.040807001292705536,0.06751299649477005
2021-12-31,0.04093899950385094,0.07197099924087524,0.04057399928569794,0.06911399960517883
2022-01-01,0.041113000363111496,0.04192600026726723,0.04055799916386604,0.040936000645160675
2022-01-02,0.043880999088287354,0.0444910004734993,0.041067998856306076,0.041113000363111496
2022-01-03,0.04139700159430504,0.04429100081324577,0.04082300141453743,0.043880999088287354
2022-01-04,0.040435999631881714,0.042174000293016434,0.04019699990749359,0.041558001190423965
2022-01-05,0.03881099820137024,0.05263900011777878,0.03868599981069565,0.040435999631881714
2022-01-06,0.0399480015039444,0.040716998279094696,0.036010999232530594,0.03881099820137024
2022-01-07,0.035169001668691635,0.040658000856637955,0.03458600118756294,0.0399480015039444
2022-01-08,0.035374999046325684,0.036357998847961426,0.03494400158524513,0.035169001668691635
2022-01-09,0.05564400181174278,0.0557669997215271,0.035092998296022415,0.035374999046325684
2022-01-10,0.036577001214027405,0.06248199939727783,0.03612099960446358,0.055640000849962234
2022-01-11,0.037039998918771744,0.048312000930309296,0.035461001098155975,0.036577001214027405
2022-01-12,0.03618000075221062,0.04746900126338005,0.033128999173641205,0.03704100102186203
2022-01-13,0.03638499975204468,0.047258999198675156,0.03546399995684624,0.03618000075221062
2022-01-14,0.03709600120782852,0.13885599374771118,0.03548299893736839,0.03638499975204468
2022-01-15,0.03722799941897392,0.03792500123381615,0.036993999034166336,0.03709699958562851
2022-01-16,0.03819800168275833,0.044679999351501465,0.036958999931812286,0.037230998277664185
2022-01-17,0.036621998995542526,0.03920299932360649,0.03456300124526024,0.03819900006055832
2022-01-18,0.035252999514341354,0.03670800104737282,0.03511599823832512,0.03662100061774254
2022-01-19,0.03506400063633919,0.0358939990401268,0.03497999906539917,0.035252999514341354
2022-01-20,0.03348499909043312,0.03509499877691269,0.033344000577926636,0.03506400063633919
2022-01-21,0.03341599926352501,0.03394100069999695,0.033271998167037964,0.03348499909043312
2022-01-22,0.02886199951171875,0.033681001514196396,0.02873300015926361,0.03341599926352501
2022-01-23,0.029272999614477158,0.030156999826431274,0.028815999627113342,0.02886199951171875
2022-01-24,0.02908400073647499,0.029272999614477158,0.02840700000524521,0.029272999614477158
2022-01-25,0.028886999934911728,0.029194999486207962,0.028516000136733055,0.02908400073647499
2022-01-26,0.02796499989926815,0.03028300032019615,0.027326999232172966,0.028886999934911728
2022-01-27,0.02818099968135357,0.0286289993673563,0.02775299921631813,0.02796499989926815
2022-01-28,0.03098900057375431,0.032604001462459564,0.02818099968135357,0.02818099968135357
2022-01-29,0.030951999127864838,0.031808000057935715,0.030659999698400497,0.03098900057375431
2022-01-30,0.03131699934601784,0.03481899946928024,0.030772000551223755,0.03095499984920025
2022-01-31,0.03635599836707115,0.039639998227357864,0.031175000593066216,0.03131699934601784
2022-02-01,0.03146199882030487,0.036649998277425766,0.03141700103878975,0.03635599836707115
2022-02-02,0.031564999371767044,0.03272499889135361,0.03143399953842163,0.03146199882030487
2022-02-03,0.03135799989104271,0.032005999237298965,0.031332001090049744,0.031564999371767044
2022-02-04,0.03007199987769127,0.032722000032663345,0.030061999335885048,0.03135799989104271
2022-02-05,0.030257999897003174,0.030647000297904015,0.030070999637246132,0.03007199987769127
2022-02-06,0.029558999463915825,0.030818000435829163,0.02946699969470501,0.030257999897003174
2022-02-07,0.034063998609781265,0.035937000066041946,0.029455000534653664,0.029558999463915825
2022-02-08,0.03508500009775162,0.03666200116276741,0.033962998539209366,0.034063998609781265
2022-02-09,0.03789599984884262,0.03803599998354912,0.03508500009775162,0.03508500009775162
2022-02-10,0.03315800055861473,0.04194499924778938,0.033059000968933105,0.03789500147104263
2022-02-11,0.03282399848103523,0.0336420014500618,0.03273700177669525,0.03315800055861473
2022-02-12,0.03235499933362007,0.03347399830818176,0.03216199949383736,0.03282399848103523
2022-02-13,0.030780000612139702,0.032632000744342804,0.03056200034916401,0.03235499933362007
2022-02-14,0.03288150578737259,0.03306073322892189,0.030450500547885895,0.03071615844964981
