CryptoDate,Close,CryptoID,Ticker
2017-11-09,1.0087800025939941,2017-11-09SBD,SBD
2017-11-10,0.9588770270347595,2017-11-10SBD,SBD
2017-11-11,0.988044023513794,2017-11-11SBD,SBD
2017-11-12,0.9595329761505127,2017-11-12SBD,SBD
2017-11-13,1.033959984779358,2017-11-13SBD,SBD
2017-11-14,1.03357994556427,2017-11-14SBD,SBD
2017-11-15,1.0128200054168701,2017-11-15SBD,SBD
2017-11-16,0.9822610020637512,2017-11-16SBD,SBD
2017-11-17,0.9665049910545349,2017-11-17SBD,SBD
2017-11-18,1.0015499591827393,2017-11-18SBD,SBD
2017-11-19,0.963690996170044,2017-11-19SBD,SBD
2017-11-20,0.9939669966697693,2017-11-20SBD,SBD
2017-11-21,0.9556649923324585,2017-11-21SBD,SBD
2017-11-22,1.6842600107192993,2017-11-22SBD,SBD
2017-11-23,1.3773399591445923,2017-11-23SBD,SBD
2017-11-24,1.2700799703598022,2017-11-24SBD,SBD
2017-11-25,1.6731599569320679,2017-11-25SBD,SBD
2017-11-26,1.613669991493225,2017-11-26SBD,SBD
2017-11-27,1.6733800172805786,2017-11-27SBD,SBD
2017-11-28,1.545259952545166,2017-11-28SBD,SBD
2017-11-29,1.2292900085449219,2017-11-29SBD,SBD
2017-11-30,1.295390009880066,2017-11-30SBD,SBD
2017-12-01,1.514739990234375,2017-12-01SBD,SBD
2017-12-02,2.368649959564209,2017-12-02SBD,SBD
2017-12-03,2.292449951171875,2017-12-03SBD,SBD
2017-12-04,2.360879898071289,2017-12-04SBD,SBD
2017-12-05,2.701040029525757,2017-12-05SBD,SBD
2017-12-06,2.9578099250793457,2017-12-06SBD,SBD
2017-12-07,5.599299907684326,2017-12-07SBD,SBD
2017-12-08,7.864180088043213,2017-12-08SBD,SBD
2017-12-09,5.534060001373291,2017-12-09SBD,SBD
2017-12-10,7.158840179443359,2017-12-10SBD,SBD
2017-12-11,6.547060012817383,2017-12-11SBD,SBD
2017-12-12,5.604519844055176,2017-12-12SBD,SBD
2017-12-13,5.364130020141602,2017-12-13SBD,SBD
2017-12-14,10.400500297546387,2017-12-14SBD,SBD
2017-12-15,10.63379955291748,2017-12-15SBD,SBD
2017-12-16,11.123499870300293,2017-12-16SBD,SBD
2017-12-17,11.291299819946289,2017-12-17SBD,SBD
2017-12-18,13.247300148010254,2017-12-18SBD,SBD
2017-12-19,13.759200096130371,2017-12-19SBD,SBD
2017-12-20,13.622200012207031,2017-12-20SBD,SBD
2017-12-21,13.346699714660645,2017-12-21SBD,SBD
2017-12-22,8.995880126953125,2017-12-22SBD,SBD
2017-12-23,9.497779846191406,2017-12-23SBD,SBD
2017-12-24,9.849309921264648,2017-12-24SBD,SBD
2017-12-25,9.876830101013184,2017-12-25SBD,SBD
2017-12-26,9.540149688720703,2017-12-26SBD,SBD
2017-12-27,9.071040153503418,2017-12-27SBD,SBD
2017-12-28,7.9197001457214355,2017-12-28SBD,SBD
2017-12-29,8.366789817810059,2017-12-29SBD,SBD
2017-12-30,7.153120040893555,2017-12-30SBD,SBD
2017-12-31,7.671559810638428,2017-12-31SBD,SBD
2018-01-01,8.479949951171875,2018-01-01SBD,SBD
2018-01-02,10.367899894714355,2018-01-02SBD,SBD
2018-01-03,10.249099731445312,2018-01-03SBD,SBD
2018-01-04,9.016900062561035,2018-01-04SBD,SBD
2018-01-05,7.610010147094727,2018-01-05SBD,SBD
2018-01-06,8.037529945373535,2018-01-06SBD,SBD
2018-01-07,8.420260429382324,2018-01-07SBD,SBD
2018-01-08,7.717080116271973,2018-01-08SBD,SBD
2018-01-09,7.818510055541992,2018-01-09SBD,SBD
2018-01-10,7.0708699226379395,2018-01-10SBD,SBD
2018-01-11,5.555140018463135,2018-01-11SBD,SBD
2018-01-12,6.232059955596924,2018-01-12SBD,SBD
2018-01-13,6.833119869232178,2018-01-13SBD,SBD
2018-01-14,5.909329891204834,2018-01-14SBD,SBD
2018-01-15,6.263309955596924,2018-01-15SBD,SBD
2018-01-16,4.127470016479492,2018-01-16SBD,SBD
2018-01-17,3.9948599338531494,2018-01-17SBD,SBD
2018-01-18,4.218689918518066,2018-01-18SBD,SBD
2018-01-19,5.4930901527404785,2018-01-19SBD,SBD
2018-01-20,7.151189804077148,2018-01-20SBD,SBD
2018-01-21,8.470820426940918,2018-01-21SBD,SBD
2018-01-22,7.091710090637207,2018-01-22SBD,SBD
2018-01-23,6.659150123596191,2018-01-23SBD,SBD
2018-01-24,7.3729400634765625,2018-01-24SBD,SBD
2018-01-25,7.22760009765625,2018-01-25SBD,SBD
2018-01-26,6.678750038146973,2018-01-26SBD,SBD
2018-01-27,6.946360111236572,2018-01-27SBD,SBD
2018-01-28,7.423150062561035,2018-01-28SBD,SBD
2018-01-29,6.806560039520264,2018-01-29SBD,SBD
2018-01-30,5.151979923248291,2018-01-30SBD,SBD
2018-01-31,5.394289970397949,2018-01-31SBD,SBD
2018-02-01,4.3335700035095215,2018-02-01SBD,SBD
2018-02-02,3.962519884109497,2018-02-02SBD,SBD
2018-02-03,4.026820182800293,2018-02-03SBD,SBD
2018-02-04,3.4023799896240234,2018-02-04SBD,SBD
2018-02-05,2.85302996635437,2018-02-05SBD,SBD
2018-02-06,3.2983500957489014,2018-02-06SBD,SBD
2018-02-07,3.0946199893951416,2018-02-07SBD,SBD
2018-02-08,3.4050700664520264,2018-02-08SBD,SBD
2018-02-09,4.110579967498779,2018-02-09SBD,SBD
2018-02-10,4.980500221252441,2018-02-10SBD,SBD
2018-02-11,4.5179901123046875,2018-02-11SBD,SBD
2018-02-12,4.948659896850586,2018-02-12SBD,SBD
2018-02-13,5.188869953155518,2018-02-13SBD,SBD
2018-02-14,5.49006986618042,2018-02-14SBD,SBD
2018-02-15,5.86313009262085,2018-02-15SBD,SBD
2018-02-16,5.770299911499023,2018-02-16SBD,SBD
2018-02-17,5.743740081787109,2018-02-17SBD,SBD
2018-02-18,5.352489948272705,2018-02-18SBD,SBD
2018-02-19,5.596720218658447,2018-02-19SBD,SBD
2018-02-20,5.254499912261963,2018-02-20SBD,SBD
2018-02-21,4.86752986907959,2018-02-21SBD,SBD
2018-02-22,4.2563300132751465,2018-02-22SBD,SBD
2018-02-23,4.39201021194458,2018-02-23SBD,SBD
2018-02-24,4.130589962005615,2018-02-24SBD,SBD
2018-02-25,4.042079925537109,2018-02-25SBD,SBD
2018-02-26,4.144750118255615,2018-02-26SBD,SBD
2018-02-27,3.9676599502563477,2018-02-27SBD,SBD
2018-02-28,3.6661200523376465,2018-02-28SBD,SBD
2018-03-01,3.793149948120117,2018-03-01SBD,SBD
2018-03-02,3.582159996032715,2018-03-02SBD,SBD
2018-03-03,3.717519998550415,2018-03-03SBD,SBD
2018-03-04,3.6309800148010254,2018-03-04SBD,SBD
2018-03-05,3.7300798892974854,2018-03-05SBD,SBD
2018-03-06,3.4662299156188965,2018-03-06SBD,SBD
2018-03-07,2.930989980697632,2018-03-07SBD,SBD
2018-03-08,2.6588399410247803,2018-03-08SBD,SBD
2018-03-09,2.6215100288391113,2018-03-09SBD,SBD
2018-03-10,2.4217100143432617,2018-03-10SBD,SBD
2018-03-11,2.6410999298095703,2018-03-11SBD,SBD
2018-03-12,2.583739995956421,2018-03-12SBD,SBD
2018-03-13,2.6738500595092773,2018-03-13SBD,SBD
2018-03-14,2.603140115737915,2018-03-14SBD,SBD
2018-03-15,2.3387999534606934,2018-03-15SBD,SBD
2018-03-16,2.2114899158477783,2018-03-16SBD,SBD
2018-03-17,1.9289400577545166,2018-03-17SBD,SBD
2018-03-18,1.8931699991226196,2018-03-18SBD,SBD
2018-03-19,2.1809799671173096,2018-03-19SBD,SBD
2018-03-20,2.312469959259033,2018-03-20SBD,SBD
2018-03-21,2.2745699882507324,2018-03-21SBD,SBD
2018-03-22,2.201770067214966,2018-03-22SBD,SBD
2018-03-23,2.0425000190734863,2018-03-23SBD,SBD
2018-03-24,2.021509885787964,2018-03-24SBD,SBD
2018-03-25,2.035550117492676,2018-03-25SBD,SBD
2018-03-26,1.8493800163269043,2018-03-26SBD,SBD
2018-03-27,1.7298099994659424,2018-03-27SBD,SBD
2018-03-28,1.792449951171875,2018-03-28SBD,SBD
2018-03-29,1.6524800062179565,2018-03-29SBD,SBD
2018-03-30,1.5738999843597412,2018-03-30SBD,SBD
2018-03-31,1.5702600479125977,2018-03-31SBD,SBD
2018-04-01,1.4483599662780762,2018-04-01SBD,SBD
2018-04-02,1.7097400426864624,2018-04-02SBD,SBD
2018-04-03,2.502969980239868,2018-04-03SBD,SBD
2018-04-04,2.565579891204834,2018-04-04SBD,SBD
2018-04-05,2.087480068206787,2018-04-05SBD,SBD
2018-04-06,1.907080054283142,2018-04-06SBD,SBD
2018-04-07,1.9910399913787842,2018-04-07SBD,SBD
2018-04-08,2.06850004196167,2018-04-08SBD,SBD
2018-04-09,1.9727799892425537,2018-04-09SBD,SBD
2018-04-10,1.947059988975525,2018-04-10SBD,SBD
2018-04-11,1.995479941368103,2018-04-11SBD,SBD
2018-04-12,2.377739906311035,2018-04-12SBD,SBD
2018-04-13,2.423909902572632,2018-04-13SBD,SBD
2018-04-14,2.3782999515533447,2018-04-14SBD,SBD
2018-04-15,2.502120018005371,2018-04-15SBD,SBD
2018-04-16,2.480649948120117,2018-04-16SBD,SBD
2018-04-17,2.659019947052002,2018-04-17SBD,SBD
2018-04-18,2.9577701091766357,2018-04-18SBD,SBD
2018-04-19,3.1330299377441406,2018-04-19SBD,SBD
2018-04-20,3.424949884414673,2018-04-20SBD,SBD
2018-04-21,3.2701499462127686,2018-04-21SBD,SBD
2018-04-22,3.226989984512329,2018-04-22SBD,SBD
2018-04-23,3.336129903793335,2018-04-23SBD,SBD
2018-04-24,3.5309998989105225,2018-04-24SBD,SBD
2018-04-25,3.7762300968170166,2018-04-25SBD,SBD
2018-04-26,3.619570016860962,2018-04-26SBD,SBD
2018-04-27,3.543109893798828,2018-04-27SBD,SBD
2018-04-28,3.6684699058532715,2018-04-28SBD,SBD
2018-04-29,3.5455400943756104,2018-04-29SBD,SBD
2018-04-30,3.3338499069213867,2018-04-30SBD,SBD
2018-05-01,3.2722699642181396,2018-05-01SBD,SBD
2018-05-02,3.453900098800659,2018-05-02SBD,SBD
2018-05-03,3.4990899562835693,2018-05-03SBD,SBD
2018-05-04,3.412630081176758,2018-05-04SBD,SBD
2018-05-05,3.4135100841522217,2018-05-05SBD,SBD
2018-05-06,3.2937099933624268,2018-05-06SBD,SBD
2018-05-07,3.0780398845672607,2018-05-07SBD,SBD
2018-05-08,3.0360000133514404,2018-05-08SBD,SBD
2018-05-09,2.9001400470733643,2018-05-09SBD,SBD
2018-05-10,2.5995399951934814,2018-05-10SBD,SBD
2018-05-11,2.2409400939941406,2018-05-11SBD,SBD
2018-05-12,2.4730300903320312,2018-05-12SBD,SBD
2018-05-13,2.5365400314331055,2018-05-13SBD,SBD
2018-05-14,2.7088799476623535,2018-05-14SBD,SBD
2018-05-15,2.4627699851989746,2018-05-15SBD,SBD
2018-05-16,2.380810022354126,2018-05-16SBD,SBD
2018-05-17,2.257080078125,2018-05-17SBD,SBD
2018-05-18,2.291719913482666,2018-05-18SBD,SBD
2018-05-19,2.266849994659424,2018-05-19SBD,SBD
2018-05-20,2.3161098957061768,2018-05-20SBD,SBD
2018-05-21,2.2285399436950684,2018-05-21SBD,SBD
2018-05-22,2.091949939727783,2018-05-22SBD,SBD
2018-05-23,1.900189995765686,2018-05-23SBD,SBD
2018-05-24,1.9528499841690063,2018-05-24SBD,SBD
2018-05-25,1.8608299493789673,2018-05-25SBD,SBD
2018-05-26,1.8358299732208252,2018-05-26SBD,SBD
2018-05-27,1.8264100551605225,2018-05-27SBD,SBD
2018-05-28,1.6221100091934204,2018-05-28SBD,SBD
2018-05-29,1.732759952545166,2018-05-29SBD,SBD
2018-05-30,1.7296899557113647,2018-05-30SBD,SBD
2018-05-31,1.7858400344848633,2018-05-31SBD,SBD
2018-06-01,1.763890027999878,2018-06-01SBD,SBD
2018-06-02,2.43149995803833,2018-06-02SBD,SBD
2018-06-03,1.992069959640503,2018-06-03SBD,SBD
2018-06-04,1.7615400552749634,2018-06-04SBD,SBD
2018-06-05,1.7605400085449219,2018-06-05SBD,SBD
2018-06-06,7.361499786376953,2018-06-06SBD,SBD
2018-06-07,1.7156000137329102,2018-06-07SBD,SBD
2018-06-08,1.678529977798462,2018-06-08SBD,SBD
2018-06-09,1.649440050125122,2018-06-09SBD,SBD
2018-06-10,1.4143799543380737,2018-06-10SBD,SBD
2018-06-11,1.4386999607086182,2018-06-11SBD,SBD
2018-06-12,1.3677599430084229,2018-06-12SBD,SBD
2018-06-13,1.3033299446105957,2018-06-13SBD,SBD
2018-06-14,1.3868099451065063,2018-06-14SBD,SBD
2018-06-15,1.316580057144165,2018-06-15SBD,SBD
2018-06-16,1.3021999597549438,2018-06-16SBD,SBD
2018-06-17,1.2936500310897827,2018-06-17SBD,SBD
2018-06-18,1.3131599426269531,2018-06-18SBD,SBD
2018-06-19,1.3217899799346924,2018-06-19SBD,SBD
2018-06-20,1.2868000268936157,2018-06-20SBD,SBD
2018-06-21,1.2418899536132812,2018-06-21SBD,SBD
2018-06-22,1.108109951019287,2018-06-22SBD,SBD
2018-06-23,1.0940699577331543,2018-06-23SBD,SBD
2018-06-24,1.0559699535369873,2018-06-24SBD,SBD
2018-06-25,1.1340800523757935,2018-06-25SBD,SBD
2018-06-26,1.0494500398635864,2018-06-26SBD,SBD
2018-06-27,1.085379958152771,2018-06-27SBD,SBD
2018-06-28,1.0216399431228638,2018-06-28SBD,SBD
2018-06-29,1.0764399766921997,2018-06-29SBD,SBD
2018-06-30,1.255519986152649,2018-06-30SBD,SBD
2018-07-01,1.2194600105285645,2018-07-01SBD,SBD
2018-07-02,1.2632900476455688,2018-07-02SBD,SBD
2018-07-03,1.2759499549865723,2018-07-03SBD,SBD
2018-07-04,1.2862000465393066,2018-07-04SBD,SBD
2018-07-05,1.251330018043518,2018-07-05SBD,SBD
2018-07-06,1.3346699476242065,2018-07-06SBD,SBD
2018-07-07,1.303189992904663,2018-07-07SBD,SBD
2018-07-08,1.4539799690246582,2018-07-08SBD,SBD
2018-07-09,1.2079999446868896,2018-07-09SBD,SBD
2018-07-10,1.1166000366210938,2018-07-10SBD,SBD
2018-07-11,1.1201900243759155,2018-07-11SBD,SBD
2018-07-12,1.077929973602295,2018-07-12SBD,SBD
2018-07-13,1.0859800577163696,2018-07-13SBD,SBD
2018-07-14,1.0942699909210205,2018-07-14SBD,SBD
2018-07-15,1.1073600053787231,2018-07-15SBD,SBD
2018-07-16,1.2038099765777588,2018-07-16SBD,SBD
2018-07-17,1.282480001449585,2018-07-17SBD,SBD
2018-07-18,1.323639988899231,2018-07-18SBD,SBD
2018-07-19,1.2966099977493286,2018-07-19SBD,SBD
2018-07-20,1.2037500143051147,2018-07-20SBD,SBD
2018-07-21,1.2513400316238403,2018-07-21SBD,SBD
2018-07-22,1.2226300239562988,2018-07-22SBD,SBD
2018-07-23,1.1697499752044678,2018-07-23SBD,SBD
2018-07-24,1.2082799673080444,2018-07-24SBD,SBD
2018-07-25,1.2747299671173096,2018-07-25SBD,SBD
2018-07-26,1.209779977798462,2018-07-26SBD,SBD
2018-07-27,1.274530053138733,2018-07-27SBD,SBD
2018-07-28,1.257949948310852,2018-07-28SBD,SBD
2018-07-29,1.2398500442504883,2018-07-29SBD,SBD
2018-07-30,1.1869299411773682,2018-07-30SBD,SBD
2018-07-31,1.1131000518798828,2018-07-31SBD,SBD
2018-08-01,1.1066700220108032,2018-08-01SBD,SBD
2018-08-02,1.0745899677276611,2018-08-02SBD,SBD
2018-08-03,1.1047799587249756,2018-08-03SBD,SBD
2018-08-04,1.063730001449585,2018-08-04SBD,SBD
2018-08-05,1.0831899642944336,2018-08-05SBD,SBD
2018-08-06,1.0726699829101562,2018-08-06SBD,SBD
2018-08-07,1.059790015220642,2018-08-07SBD,SBD
2018-08-08,1.0598399639129639,2018-08-08SBD,SBD
2018-08-09,1.073989987373352,2018-08-09SBD,SBD
2018-08-10,1.0318900346755981,2018-08-10SBD,SBD
2018-08-11,1.020490050315857,2018-08-11SBD,SBD
2018-08-12,1.0170300006866455,2018-08-12SBD,SBD
2018-08-13,0.9935269951820374,2018-08-13SBD,SBD
2018-08-14,0.9715989828109741,2018-08-14SBD,SBD
2018-08-15,0.9751219749450684,2018-08-15SBD,SBD
2018-08-16,0.9822260141372681,2018-08-16SBD,SBD
2018-08-17,1.0627000331878662,2018-08-17SBD,SBD
2018-08-18,0.9998630285263062,2018-08-18SBD,SBD
2018-08-19,1.0157599449157715,2018-08-19SBD,SBD
2018-08-20,0.9862290024757385,2018-08-20SBD,SBD
2018-08-21,0.9849939942359924,2018-08-21SBD,SBD
2018-08-22,0.9711999893188477,2018-08-22SBD,SBD
2018-08-23,0.9856110215187073,2018-08-23SBD,SBD
2018-08-24,0.9990820288658142,2018-08-24SBD,SBD
2018-08-25,1.0006599426269531,2018-08-25SBD,SBD
2018-08-26,0.9897059798240662,2018-08-26SBD,SBD
2018-08-27,1.0072300434112549,2018-08-27SBD,SBD
2018-08-28,1.0438400506973267,2018-08-28SBD,SBD
2018-08-29,1.0097999572753906,2018-08-29SBD,SBD
2018-08-30,0.9936259984970093,2018-08-30SBD,SBD
2018-08-31,0.9996799826622009,2018-08-31SBD,SBD
2018-09-01,1.032580018043518,2018-09-01SBD,SBD
2018-09-02,1.012850046157837,2018-09-02SBD,SBD
2018-09-03,1.0215699672698975,2018-09-03SBD,SBD
2018-09-04,1.0290700197219849,2018-09-04SBD,SBD
2018-09-05,0.9620620012283325,2018-09-05SBD,SBD
2018-09-06,0.9620689749717712,2018-09-06SBD,SBD
2018-09-07,0.9630860090255737,2018-09-07SBD,SBD
2018-09-08,0.9444739818572998,2018-09-08SBD,SBD
2018-09-09,0.9585130214691162,2018-09-09SBD,SBD
2018-09-10,0.9550889730453491,2018-09-10SBD,SBD
2018-09-11,0.9616439938545227,2018-09-11SBD,SBD
2018-09-12,0.9625020027160645,2018-09-12SBD,SBD
2018-09-13,0.9871519804000854,2018-09-13SBD,SBD
2018-09-14,0.9784219861030579,2018-09-14SBD,SBD
2018-09-15,0.9782540202140808,2018-09-15SBD,SBD
2018-09-16,1.0017900466918945,2018-09-16SBD,SBD
2018-09-17,0.9607909917831421,2018-09-17SBD,SBD
2018-09-18,0.9955369830131531,2018-09-18SBD,SBD
2018-09-19,0.9891960024833679,2018-09-19SBD,SBD
2018-09-20,1.0026500225067139,2018-09-20SBD,SBD
2018-09-21,1.0297600030899048,2018-09-21SBD,SBD
2018-09-22,1.0129499435424805,2018-09-22SBD,SBD
2018-09-23,1.025670051574707,2018-09-23SBD,SBD
2018-09-24,1.0178600549697876,2018-09-24SBD,SBD
2018-09-25,1.0045000314712524,2018-09-25SBD,SBD
2018-09-26,0.9991220235824585,2018-09-26SBD,SBD
2018-09-27,1.0176600217819214,2018-09-27SBD,SBD
2018-09-28,1.004889965057373,2018-09-28SBD,SBD
2018-09-29,1.0120500326156616,2018-09-29SBD,SBD
2018-09-30,1.0116300582885742,2018-09-30SBD,SBD
2018-10-01,1.0004099607467651,2018-10-01SBD,SBD
2018-10-02,0.993569016456604,2018-10-02SBD,SBD
2018-10-03,0.979882001876831,2018-10-03SBD,SBD
2018-10-04,0.9783300161361694,2018-10-04SBD,SBD
2018-10-05,0.9763699769973755,2018-10-05SBD,SBD
2018-10-06,0.9721909761428833,2018-10-06SBD,SBD
2018-10-07,0.9837679862976074,2018-10-07SBD,SBD
2018-10-08,0.9867879748344421,2018-10-08SBD,SBD
2018-10-09,0.9959750175476074,2018-10-09SBD,SBD
2018-10-10,0.9939709901809692,2018-10-10SBD,SBD
2018-10-11,1.0310800075531006,2018-10-11SBD,SBD
2018-10-12,1.0089800357818604,2018-10-12SBD,SBD
2018-10-13,1.0028799772262573,2018-10-13SBD,SBD
2018-10-14,1.0155400037765503,2018-10-14SBD,SBD
2018-10-15,1.0141299962997437,2018-10-15SBD,SBD
2018-10-16,1.041659951210022,2018-10-16SBD,SBD
2018-10-17,1.032230019569397,2018-10-17SBD,SBD
2018-10-18,0.994176983833313,2018-10-18SBD,SBD
2018-10-19,0.9979820251464844,2018-10-19SBD,SBD
2018-10-20,1.0069500207901,2018-10-20SBD,SBD
2018-10-21,1.0019299983978271,2018-10-21SBD,SBD
2018-10-22,0.997672975063324,2018-10-22SBD,SBD
2018-10-23,0.9893659949302673,2018-10-23SBD,SBD
2018-10-24,0.9968460202217102,2018-10-24SBD,SBD
2018-10-25,0.9891909956932068,2018-10-25SBD,SBD
2018-10-26,0.9795269966125488,2018-10-26SBD,SBD
2018-10-27,0.9760630130767822,2018-10-27SBD,SBD
2018-10-28,0.980567991733551,2018-10-28SBD,SBD
2018-10-29,0.9605900049209595,2018-10-29SBD,SBD
2018-10-30,0.960070013999939,2018-10-30SBD,SBD
2018-10-31,0.9684110283851624,2018-10-31SBD,SBD
2018-11-01,0.9777129888534546,2018-11-01SBD,SBD
2018-11-02,0.9851379990577698,2018-11-02SBD,SBD
2018-11-03,0.9843320250511169,2018-11-03SBD,SBD
2018-11-04,0.9845790266990662,2018-11-04SBD,SBD
2018-11-05,0.9676219820976257,2018-11-05SBD,SBD
2018-11-06,0.9795380234718323,2018-11-06SBD,SBD
2018-11-07,0.9892249703407288,2018-11-07SBD,SBD
2018-11-08,0.9759989976882935,2018-11-08SBD,SBD
2018-11-09,0.969523012638092,2018-11-09SBD,SBD
2018-11-10,0.9724349975585938,2018-11-10SBD,SBD
2018-11-11,0.9724590182304382,2018-11-11SBD,SBD
2018-11-12,0.9777060151100159,2018-11-12SBD,SBD
2018-11-13,0.9768139719963074,2018-11-13SBD,SBD
2018-11-14,0.9363870024681091,2018-11-14SBD,SBD
2018-11-15,0.9386540055274963,2018-11-15SBD,SBD
2018-11-16,0.952314019203186,2018-11-16SBD,SBD
2018-11-17,0.958827018737793,2018-11-17SBD,SBD
2018-11-18,0.9603750109672546,2018-11-18SBD,SBD
2018-11-19,0.9122629761695862,2018-11-19SBD,SBD
2018-11-20,0.8173689842224121,2018-11-20SBD,SBD
2018-11-21,0.8587980270385742,2018-11-21SBD,SBD
2018-11-22,0.839402973651886,2018-11-22SBD,SBD
2018-11-23,0.8666499853134155,2018-11-23SBD,SBD
2018-11-24,0.8653280138969421,2018-11-24SBD,SBD
2018-11-25,0.8308719992637634,2018-11-25SBD,SBD
2018-11-26,0.810500979423523,2018-11-26SBD,SBD
2018-11-27,0.7779859900474548,2018-11-27SBD,SBD
2018-11-28,0.8444390296936035,2018-11-28SBD,SBD
2018-11-29,0.8427150249481201,2018-11-29SBD,SBD
2018-11-30,0.8195940256118774,2018-11-30SBD,SBD
2018-12-01,0.8311060070991516,2018-12-01SBD,SBD
2018-12-02,0.8337960243225098,2018-12-02SBD,SBD
2018-12-03,0.8024359941482544,2018-12-03SBD,SBD
2018-12-04,0.7981520295143127,2018-12-04SBD,SBD
2018-12-05,0.7415850162506104,2018-12-05SBD,SBD
2018-12-06,0.648343026638031,2018-12-06SBD,SBD
2018-12-07,0.6021170020103455,2018-12-07SBD,SBD
2018-12-08,0.6161860227584839,2018-12-08SBD,SBD
2018-12-09,0.6203979849815369,2018-12-09SBD,SBD
2018-12-10,0.6086040139198303,2018-12-10SBD,SBD
2018-12-11,0.6033589839935303,2018-12-11SBD,SBD
2018-12-12,0.6064630150794983,2018-12-12SBD,SBD
2018-12-13,0.5632039904594421,2018-12-13SBD,SBD
2018-12-14,0.5474269986152649,2018-12-14SBD,SBD
2018-12-15,0.5582000017166138,2018-12-15SBD,SBD
2018-12-16,0.5334500074386597,2018-12-16SBD,SBD
2018-12-17,0.5593339800834656,2018-12-17SBD,SBD
2018-12-18,0.5802149772644043,2018-12-18SBD,SBD
2018-12-19,0.6019970178604126,2018-12-19SBD,SBD
2018-12-20,0.6694499850273132,2018-12-20SBD,SBD
2018-12-21,0.6406559944152832,2018-12-21SBD,SBD
2018-12-22,0.7183399796485901,2018-12-22SBD,SBD
2018-12-23,0.7171769738197327,2018-12-23SBD,SBD
2018-12-24,0.7402399778366089,2018-12-24SBD,SBD
2018-12-25,0.6782799959182739,2018-12-25SBD,SBD
2018-12-26,0.6983219981193542,2018-12-26SBD,SBD
2018-12-27,0.6575310230255127,2018-12-27SBD,SBD
2018-12-28,0.7073590159416199,2018-12-28SBD,SBD
2018-12-29,0.7148699760437012,2018-12-29SBD,SBD
2018-12-30,0.7322149872779846,2018-12-30SBD,SBD
2018-12-31,0.6900609731674194,2018-12-31SBD,SBD
2019-01-01,0.7383120059967041,2019-01-01SBD,SBD
2019-01-02,0.7501670122146606,2019-01-02SBD,SBD
2019-01-03,0.7551519870758057,2019-01-03SBD,SBD
2019-01-04,0.756542980670929,2019-01-04SBD,SBD
2019-01-05,0.7553200125694275,2019-01-05SBD,SBD
2019-01-06,0.7874739766120911,2019-01-06SBD,SBD
2019-01-07,0.8050360083580017,2019-01-07SBD,SBD
2019-01-08,0.8300340175628662,2019-01-08SBD,SBD
2019-01-09,0.8436279892921448,2019-01-09SBD,SBD
2019-01-10,0.7332260012626648,2019-01-10SBD,SBD
2019-01-11,0.7309669852256775,2019-01-11SBD,SBD
2019-01-12,0.7470710277557373,2019-01-12SBD,SBD
2019-01-13,0.7202640175819397,2019-01-13SBD,SBD
2019-01-14,0.754485011100769,2019-01-14SBD,SBD
2019-01-15,0.7494680285453796,2019-01-15SBD,SBD
2019-01-16,0.8333330154418945,2019-01-16SBD,SBD
2019-01-17,0.8631860017776489,2019-01-17SBD,SBD
2019-01-18,0.9229980111122131,2019-01-18SBD,SBD
2019-01-19,0.9263399839401245,2019-01-19SBD,SBD
2019-01-20,0.9446099996566772,2019-01-20SBD,SBD
2019-01-21,0.9222379922866821,2019-01-21SBD,SBD
2019-01-22,0.9480329751968384,2019-01-22SBD,SBD
2019-01-23,0.9531819820404053,2019-01-23SBD,SBD
2019-01-24,0.9514520168304443,2019-01-24SBD,SBD
2019-01-25,0.9192169904708862,2019-01-25SBD,SBD
2019-01-26,0.9352890253067017,2019-01-26SBD,SBD
2019-01-27,0.89649498462677,2019-01-27SBD,SBD
2019-01-28,0.8769440054893494,2019-01-28SBD,SBD
2019-01-29,0.8774849772453308,2019-01-29SBD,SBD
2019-01-30,0.8866609930992126,2019-01-30SBD,SBD
2019-01-31,0.839601993560791,2019-01-31SBD,SBD
2019-02-01,0.8484809994697571,2019-02-01SBD,SBD
2019-02-02,0.8845329880714417,2019-02-02SBD,SBD
2019-02-03,0.9002799987792969,2019-02-03SBD,SBD
2019-02-04,0.8922749757766724,2019-02-04SBD,SBD
2019-02-05,0.8643540143966675,2019-02-05SBD,SBD
2019-02-06,0.8283759951591492,2019-02-06SBD,SBD
2019-02-07,0.8625500202178955,2019-02-07SBD,SBD
2019-02-08,0.8901810050010681,2019-02-08SBD,SBD
2019-02-09,0.895147979259491,2019-02-09SBD,SBD
2019-02-10,0.9249870181083679,2019-02-10SBD,SBD
2019-02-11,0.902396023273468,2019-02-11SBD,SBD
2019-02-12,0.9048879742622375,2019-02-12SBD,SBD
2019-02-13,0.9037500023841858,2019-02-13SBD,SBD
2019-02-14,0.9089589715003967,2019-02-14SBD,SBD
2019-02-15,0.9283139705657959,2019-02-15SBD,SBD
2019-02-16,0.9570639729499817,2019-02-16SBD,SBD
2019-02-17,0.9616619944572449,2019-02-17SBD,SBD
2019-02-18,0.9632440209388733,2019-02-18SBD,SBD
2019-02-19,0.9592239856719971,2019-02-19SBD,SBD
2019-02-20,0.9774439930915833,2019-02-20SBD,SBD
2019-02-21,0.9429730176925659,2019-02-21SBD,SBD
2019-02-22,0.9601380228996277,2019-02-22SBD,SBD
2019-02-23,0.9613749980926514,2019-02-23SBD,SBD
2019-02-24,0.9434319734573364,2019-02-24SBD,SBD
2019-02-25,0.9646869897842407,2019-02-25SBD,SBD
2019-02-26,0.9725990295410156,2019-02-26SBD,SBD
2019-02-27,0.9864320158958435,2019-02-27SBD,SBD
2019-02-28,0.9951729774475098,2019-02-28SBD,SBD
2019-03-01,0.9800119996070862,2019-03-01SBD,SBD
2019-03-02,0.9777269959449768,2019-03-02SBD,SBD
2019-03-03,0.9781150221824646,2019-03-03SBD,SBD
2019-03-04,0.9628639817237854,2019-03-04SBD,SBD
2019-03-05,0.9960079789161682,2019-03-05SBD,SBD
2019-03-06,0.9985259771347046,2019-03-06SBD,SBD
2019-03-07,0.9969189763069153,2019-03-07SBD,SBD
2019-03-08,0.9836840033531189,2019-03-08SBD,SBD
2019-03-09,0.9801869988441467,2019-03-09SBD,SBD
2019-03-10,0.9851959943771362,2019-03-10SBD,SBD
2019-03-11,1.0022380352020264,2019-03-11SBD,SBD
2019-03-12,0.9907379746437073,2019-03-12SBD,SBD
2019-03-13,1.0762510299682617,2019-03-13SBD,SBD
2019-03-14,1.1041849851608276,2019-03-14SBD,SBD
2019-03-15,1.0702589750289917,2019-03-15SBD,SBD
2019-03-16,1.0462950468063354,2019-03-16SBD,SBD
2019-03-17,1.047292947769165,2019-03-17SBD,SBD
2019-03-18,1.0162160396575928,2019-03-18SBD,SBD
2019-03-19,1.080137014389038,2019-03-19SBD,SBD
2019-03-20,1.058472990989685,2019-03-20SBD,SBD
2019-03-21,1.0370210409164429,2019-03-21SBD,SBD
2019-03-22,1.0353610515594482,2019-03-22SBD,SBD
2019-03-23,1.0323710441589355,2019-03-23SBD,SBD
2019-03-24,1.0454519987106323,2019-03-24SBD,SBD
2019-03-25,1.0291149616241455,2019-03-25SBD,SBD
2019-03-26,1.0044620037078857,2019-03-26SBD,SBD
2019-03-27,1.0160770416259766,2019-03-27SBD,SBD
2019-03-28,1.008908987045288,2019-03-28SBD,SBD
2019-03-29,1.0015439987182617,2019-03-29SBD,SBD
2019-03-30,0.9862539768218994,2019-03-30SBD,SBD
2019-03-31,0.9972280263900757,2019-03-31SBD,SBD
2019-04-01,0.9898149967193604,2019-04-01SBD,SBD
2019-04-02,1.0293469429016113,2019-04-02SBD,SBD
2019-04-03,1.0430099964141846,2019-04-03SBD,SBD
2019-04-04,1.0426479578018188,2019-04-04SBD,SBD
2019-04-05,1.0911309719085693,2019-04-05SBD,SBD
2019-04-06,1.0583820343017578,2019-04-06SBD,SBD
2019-04-07,1.074200987815857,2019-04-07SBD,SBD
2019-04-08,1.0754899978637695,2019-04-08SBD,SBD
2019-04-09,1.0479040145874023,2019-04-09SBD,SBD
2019-04-10,1.038072943687439,2019-04-10SBD,SBD
2019-04-11,0.9912779927253723,2019-04-11SBD,SBD
2019-04-12,0.9995719790458679,2019-04-12SBD,SBD
2019-04-13,0.9897760152816772,2019-04-13SBD,SBD
2019-04-14,1.015434980392456,2019-04-14SBD,SBD
2019-04-15,0.9913439750671387,2019-04-15SBD,SBD
2019-04-16,1.0042259693145752,2019-04-16SBD,SBD
2019-04-17,1.022400975227356,2019-04-17SBD,SBD
2019-04-18,1.0201690196990967,2019-04-18SBD,SBD
2019-04-19,1.0249179601669312,2019-04-19SBD,SBD
2019-04-20,1.0194170475006104,2019-04-20SBD,SBD
2019-04-21,0.9875640273094177,2019-04-21SBD,SBD
2019-04-22,0.9809790253639221,2019-04-22SBD,SBD
2019-04-23,0.9655640125274658,2019-04-23SBD,SBD
2019-04-24,0.9532809853553772,2019-04-24SBD,SBD
2019-04-25,0.9325429797172546,2019-04-25SBD,SBD
2019-04-26,0.9650560021400452,2019-04-26SBD,SBD
2019-04-27,0.9629759788513184,2019-04-27SBD,SBD
2019-04-28,0.9846789836883545,2019-04-28SBD,SBD
2019-04-29,0.9491099715232849,2019-04-29SBD,SBD
2019-04-30,0.9749259948730469,2019-04-30SBD,SBD
2019-05-01,0.9598820209503174,2019-05-01SBD,SBD
2019-05-02,0.977715015411377,2019-05-02SBD,SBD
2019-05-03,0.9719200134277344,2019-05-03SBD,SBD
2019-05-04,0.9745439887046814,2019-05-04SBD,SBD
2019-05-05,0.9588180184364319,2019-05-05SBD,SBD
2019-05-06,0.9698100090026855,2019-05-06SBD,SBD
2019-05-07,0.948632001876831,2019-05-07SBD,SBD
2019-05-08,0.9382780194282532,2019-05-08SBD,SBD
2019-05-09,0.9365509748458862,2019-05-09SBD,SBD
2019-05-10,0.9292070269584656,2019-05-10SBD,SBD
2019-05-11,0.9659479856491089,2019-05-11SBD,SBD
2019-05-12,0.9411630034446716,2019-05-12SBD,SBD
2019-05-13,0.9461550116539001,2019-05-13SBD,SBD
2019-05-14,1.0085560083389282,2019-05-14SBD,SBD
2019-05-15,1.0717819929122925,2019-05-15SBD,SBD
2019-05-16,1.0175739526748657,2019-05-16SBD,SBD
2019-05-17,0.9894329905509949,2019-05-17SBD,SBD
2019-05-18,0.9761239886283875,2019-05-18SBD,SBD
2019-05-19,0.994143009185791,2019-05-19SBD,SBD
2019-05-20,0.9820989966392517,2019-05-20SBD,SBD
2019-05-21,1.0092740058898926,2019-05-21SBD,SBD
2019-05-22,0.9915090203285217,2019-05-22SBD,SBD
2019-05-23,0.9968839883804321,2019-05-23SBD,SBD
2019-05-24,1.0110180377960205,2019-05-24SBD,SBD
2019-05-25,1.0063799619674683,2019-05-25SBD,SBD
2019-05-26,1.0148839950561523,2019-05-26SBD,SBD
2019-05-27,1.0728440284729004,2019-05-27SBD,SBD
2019-05-28,1.0572329759597778,2019-05-28SBD,SBD
2019-05-29,1.0508689880371094,2019-05-29SBD,SBD
2019-05-30,0.993474006652832,2019-05-30SBD,SBD
2019-05-31,1.017441987991333,2019-05-31SBD,SBD
2019-06-01,1.007161021232605,2019-06-01SBD,SBD
2019-06-02,1.03206205368042,2019-06-02SBD,SBD
2019-06-03,1.0070090293884277,2019-06-03SBD,SBD
2019-06-04,0.9768639802932739,2019-06-04SBD,SBD
2019-06-05,0.9901270270347595,2019-06-05SBD,SBD
2019-06-06,0.9847630262374878,2019-06-06SBD,SBD
2019-06-07,1.0104889869689941,2019-06-07SBD,SBD
2019-06-08,1.0633089542388916,2019-06-08SBD,SBD
2019-06-09,1.0286129713058472,2019-06-09SBD,SBD
2019-06-10,1.0645619630813599,2019-06-10SBD,SBD
2019-06-11,1.0478459596633911,2019-06-11SBD,SBD
2019-06-12,1.0347319841384888,2019-06-12SBD,SBD
2019-06-13,1.0187740325927734,2019-06-13SBD,SBD
2019-06-14,1.024090051651001,2019-06-14SBD,SBD
2019-06-15,1.0142420530319214,2019-06-15SBD,SBD
2019-06-16,1.0429459810256958,2019-06-16SBD,SBD
2019-06-17,1.0281440019607544,2019-06-17SBD,SBD
2019-06-18,1.0257220268249512,2019-06-18SBD,SBD
2019-06-19,1.0256229639053345,2019-06-19SBD,SBD
2019-06-20,1.0244020223617554,2019-06-20SBD,SBD
2019-06-21,1.0126980543136597,2019-06-21SBD,SBD
2019-06-22,1.0419189929962158,2019-06-22SBD,SBD
2019-06-23,1.0386029481887817,2019-06-23SBD,SBD
2019-06-24,1.0330649614334106,2019-06-24SBD,SBD
2019-06-25,1.0096030235290527,2019-06-25SBD,SBD
2019-06-26,1.0223350524902344,2019-06-26SBD,SBD
2019-06-27,0.9846510291099548,2019-06-27SBD,SBD
2019-06-28,1.0044260025024414,2019-06-28SBD,SBD
2019-06-29,1.014631986618042,2019-06-29SBD,SBD
2019-06-30,0.9786279797554016,2019-06-30SBD,SBD
2019-07-01,1.0095980167388916,2019-07-01SBD,SBD
2019-07-02,0.991707980632782,2019-07-02SBD,SBD
2019-07-03,0.9939560294151306,2019-07-03SBD,SBD
2019-07-04,0.987555980682373,2019-07-04SBD,SBD
2019-07-05,0.9810090065002441,2019-07-05SBD,SBD
2019-07-06,0.9752299785614014,2019-07-06SBD,SBD
2019-07-07,1.004621982574463,2019-07-07SBD,SBD
2019-07-08,0.9947230219841003,2019-07-08SBD,SBD
2019-07-09,0.9907119870185852,2019-07-09SBD,SBD
2019-07-10,0.973501980304718,2019-07-10SBD,SBD
2019-07-11,0.9329730272293091,2019-07-11SBD,SBD
2019-07-12,0.9493259787559509,2019-07-12SBD,SBD
2019-07-13,0.9332159757614136,2019-07-13SBD,SBD
2019-07-14,0.9329609870910645,2019-07-14SBD,SBD
2019-07-15,0.9296919703483582,2019-07-15SBD,SBD
2019-07-16,0.8853240013122559,2019-07-16SBD,SBD
2019-07-17,0.8662930130958557,2019-07-17SBD,SBD
2019-07-18,0.9359610080718994,2019-07-18SBD,SBD
2019-07-19,0.9546489715576172,2019-07-19SBD,SBD
2019-07-20,0.9610289931297302,2019-07-20SBD,SBD
2019-07-21,0.934598982334137,2019-07-21SBD,SBD
2019-07-22,0.9600250124931335,2019-07-22SBD,SBD
2019-07-23,0.9554669857025146,2019-07-23SBD,SBD
2019-07-24,0.9381150007247925,2019-07-24SBD,SBD
2019-07-25,0.9578319787979126,2019-07-25SBD,SBD
2019-07-26,0.9535679817199707,2019-07-26SBD,SBD
2019-07-27,0.9652659893035889,2019-07-27SBD,SBD
2019-07-28,0.955905020236969,2019-07-28SBD,SBD
2019-07-29,0.9478620290756226,2019-07-29SBD,SBD
2019-07-30,0.956400990486145,2019-07-30SBD,SBD
2019-07-31,0.9721300005912781,2019-07-31SBD,SBD
2019-08-01,0.958187997341156,2019-08-01SBD,SBD
2019-08-02,0.95107102394104,2019-08-02SBD,SBD
2019-08-03,0.9555220007896423,2019-08-03SBD,SBD
2019-08-04,0.948764979839325,2019-08-04SBD,SBD
2019-08-05,0.9311779737472534,2019-08-05SBD,SBD
2019-08-06,0.9156190156936646,2019-08-06SBD,SBD
2019-08-07,0.9380789995193481,2019-08-07SBD,SBD
2019-08-08,0.9266520142555237,2019-08-08SBD,SBD
2019-08-09,0.8570939898490906,2019-08-09SBD,SBD
2019-08-10,0.8453390002250671,2019-08-10SBD,SBD
2019-08-11,0.8931490182876587,2019-08-11SBD,SBD
2019-08-12,0.8928250074386597,2019-08-12SBD,SBD
2019-08-13,0.8816879987716675,2019-08-13SBD,SBD
2019-08-14,0.8405489921569824,2019-08-14SBD,SBD
2019-08-15,0.8406779766082764,2019-08-15SBD,SBD
2019-08-16,0.822924017906189,2019-08-16SBD,SBD
2019-08-17,0.8234559893608093,2019-08-17SBD,SBD
2019-08-18,0.8485770225524902,2019-08-18SBD,SBD
2019-08-19,0.8609840273857117,2019-08-19SBD,SBD
2019-08-20,0.8431860208511353,2019-08-20SBD,SBD
2019-08-21,0.8303999900817871,2019-08-21SBD,SBD
2019-08-22,0.8482800126075745,2019-08-22SBD,SBD
2019-08-23,0.8365539908409119,2019-08-23SBD,SBD
2019-08-24,0.8445810079574585,2019-08-24SBD,SBD
2019-08-25,0.8555560111999512,2019-08-25SBD,SBD
2019-08-26,0.8335000276565552,2019-08-26SBD,SBD
2019-08-27,0.8240399956703186,2019-08-27SBD,SBD
2019-08-28,0.8133760094642639,2019-08-28SBD,SBD
2019-08-29,0.810621976852417,2019-08-29SBD,SBD
2019-08-30,0.8137050271034241,2019-08-30SBD,SBD
2019-08-31,0.8175179958343506,2019-08-31SBD,SBD
2019-09-01,0.8009359836578369,2019-09-01SBD,SBD
2019-09-02,0.8097670078277588,2019-09-02SBD,SBD
2019-09-03,0.8051279783248901,2019-09-03SBD,SBD
2019-09-04,0.801829993724823,2019-09-04SBD,SBD
2019-09-05,0.8141260147094727,2019-09-05SBD,SBD
2019-09-06,0.794471025466919,2019-09-06SBD,SBD
2019-09-07,0.8017669916152954,2019-09-07SBD,SBD
2019-09-08,0.808784008026123,2019-09-08SBD,SBD
2019-09-09,0.8001689910888672,2019-09-09SBD,SBD
2019-09-10,0.8016549944877625,2019-09-10SBD,SBD
2019-09-11,0.8015429973602295,2019-09-11SBD,SBD
2019-09-12,0.7977669835090637,2019-09-12SBD,SBD
2019-09-13,0.7950170040130615,2019-09-13SBD,SBD
2019-09-14,0.7948870062828064,2019-09-14SBD,SBD
2019-09-15,0.7932729721069336,2019-09-15SBD,SBD
2019-09-16,0.7860040068626404,2019-09-16SBD,SBD
2019-09-17,0.7787380218505859,2019-09-17SBD,SBD
2019-09-18,0.7136800289154053,2019-09-18SBD,SBD
2019-09-19,0.8138110041618347,2019-09-19SBD,SBD
2019-09-20,0.784775972366333,2019-09-20SBD,SBD
2019-09-21,0.7806230187416077,2019-09-21SBD,SBD
2019-09-22,0.7769079804420471,2019-09-22SBD,SBD
2019-09-23,0.7531620264053345,2019-09-23SBD,SBD
2019-09-24,0.633512020111084,2019-09-24SBD,SBD
2019-09-25,0.6267769932746887,2019-09-25SBD,SBD
2019-09-26,0.6017270088195801,2019-09-26SBD,SBD
2019-09-27,0.6292669773101807,2019-09-27SBD,SBD
2019-09-28,0.6487699747085571,2019-09-28SBD,SBD
2019-09-29,0.6265339851379395,2019-09-29SBD,SBD
2019-09-30,0.6366580128669739,2019-09-30SBD,SBD
2019-10-01,0.6386680006980896,2019-10-01SBD,SBD
2019-10-02,0.6551409959793091,2019-10-02SBD,SBD
2019-10-03,0.6549969911575317,2019-10-03SBD,SBD
2019-10-04,0.6633309721946716,2019-10-04SBD,SBD
2019-10-05,0.6842259764671326,2019-10-05SBD,SBD
2019-10-06,0.6672030091285706,2019-10-06SBD,SBD
2019-10-07,0.6810420155525208,2019-10-07SBD,SBD
2019-10-08,0.7136319875717163,2019-10-08SBD,SBD
2019-10-09,0.7042670249938965,2019-10-09SBD,SBD
2019-10-10,0.6943889856338501,2019-10-10SBD,SBD
2019-10-11,0.6878719925880432,2019-10-11SBD,SBD
2019-10-12,0.6803669929504395,2019-10-12SBD,SBD
2019-10-13,0.6838639974594116,2019-10-13SBD,SBD
2019-10-14,0.6707080006599426,2019-10-14SBD,SBD
2019-10-15,0.6646050214767456,2019-10-15SBD,SBD
2019-10-16,0.686020016670227,2019-10-16SBD,SBD
2019-10-17,0.6820440292358398,2019-10-17SBD,SBD
2019-10-18,0.6770619750022888,2019-10-18SBD,SBD
2019-10-19,0.693323016166687,2019-10-19SBD,SBD
2019-10-20,0.6807810068130493,2019-10-20SBD,SBD
2019-10-21,0.668595016002655,2019-10-21SBD,SBD
2019-10-22,0.6686300039291382,2019-10-22SBD,SBD
2019-10-23,0.6234229803085327,2019-10-23SBD,SBD
2019-10-24,0.6385729908943176,2019-10-24SBD,SBD
2019-10-25,0.6679049730300903,2019-10-25SBD,SBD
2019-10-26,0.6504660248756409,2019-10-26SBD,SBD
2019-10-27,0.6788489818572998,2019-10-27SBD,SBD
2019-10-28,0.7254530191421509,2019-10-28SBD,SBD
2019-10-29,0.7023659944534302,2019-10-29SBD,SBD
2019-10-30,0.6888750195503235,2019-10-30SBD,SBD
2019-10-31,0.72359299659729,2019-10-31SBD,SBD
2019-11-01,0.7151520252227783,2019-11-01SBD,SBD
2019-11-02,0.7281990051269531,2019-11-02SBD,SBD
2019-11-03,0.7164989709854126,2019-11-03SBD,SBD
2019-11-04,0.7257170081138611,2019-11-04SBD,SBD
2019-11-05,0.7126370072364807,2019-11-05SBD,SBD
2019-11-06,0.7045289874076843,2019-11-06SBD,SBD
2019-11-07,0.7019079923629761,2019-11-07SBD,SBD
2019-11-08,0.6938509941101074,2019-11-08SBD,SBD
2019-11-09,0.6935210227966309,2019-11-09SBD,SBD
2019-11-10,0.6854590177536011,2019-11-10SBD,SBD
2019-11-11,0.6786260008811951,2019-11-11SBD,SBD
2019-11-12,0.6598860025405884,2019-11-12SBD,SBD
2019-11-13,0.516946017742157,2019-11-13SBD,SBD
2019-11-14,0.6894749999046326,2019-11-14SBD,SBD
2019-11-15,0.6860759854316711,2019-11-15SBD,SBD
2019-11-16,0.6906579732894897,2019-11-16SBD,SBD
2019-11-17,0.718887984752655,2019-11-17SBD,SBD
2019-11-18,0.6905949711799622,2019-11-18SBD,SBD
2019-11-19,0.6769170165061951,2019-11-19SBD,SBD
2019-11-20,0.6674150228500366,2019-11-20SBD,SBD
2019-11-21,0.6057299971580505,2019-11-21SBD,SBD
2019-11-22,0.6207600235939026,2019-11-22SBD,SBD
2019-11-23,0.6348530054092407,2019-11-23SBD,SBD
2019-11-24,0.6213030219078064,2019-11-24SBD,SBD
2019-11-25,0.6190990209579468,2019-11-25SBD,SBD
2019-11-26,0.6173549890518188,2019-11-26SBD,SBD
2019-11-27,0.7508350014686584,2019-11-27SBD,SBD
2019-11-28,0.8450490236282349,2019-11-28SBD,SBD
2019-11-29,0.788329005241394,2019-11-29SBD,SBD
2019-11-30,0.6992480158805847,2019-11-30SBD,SBD
2019-12-01,0.7567669749259949,2019-12-01SBD,SBD
2019-12-02,0.6966890096664429,2019-12-02SBD,SBD
2019-12-03,0.702459990978241,2019-12-03SBD,SBD
2019-12-04,0.6893360018730164,2019-12-04SBD,SBD
2019-12-05,0.6332700252532959,2019-12-05SBD,SBD
2019-12-06,0.6482419967651367,2019-12-06SBD,SBD
2019-12-07,0.6303600072860718,2019-12-07SBD,SBD
2019-12-08,0.6184999942779541,2019-12-08SBD,SBD
2019-12-09,0.6302779912948608,2019-12-09SBD,SBD
2019-12-10,0.6161609888076782,2019-12-10SBD,SBD
2019-12-11,0.5930860042572021,2019-12-11SBD,SBD
2019-12-12,0.5970839858055115,2019-12-12SBD,SBD
2019-12-13,0.667451024055481,2019-12-13SBD,SBD
2019-12-14,0.6537820100784302,2019-12-14SBD,SBD
2019-12-15,0.623898983001709,2019-12-15SBD,SBD
2019-12-16,0.6041340231895447,2019-12-16SBD,SBD
2019-12-17,0.5782740116119385,2019-12-17SBD,SBD
2019-12-18,0.6009290218353271,2019-12-18SBD,SBD
2019-12-19,0.6107890009880066,2019-12-19SBD,SBD
2019-12-20,0.6251130104064941,2019-12-20SBD,SBD
2019-12-21,0.6158530116081238,2019-12-21SBD,SBD
2019-12-22,0.6564279794692993,2019-12-22SBD,SBD
2019-12-23,0.6142140030860901,2019-12-23SBD,SBD
2019-12-24,0.6097409725189209,2019-12-24SBD,SBD
2019-12-25,0.6144170165061951,2019-12-25SBD,SBD
2019-12-26,0.5952680110931396,2019-12-26SBD,SBD
2019-12-27,0.584837019443512,2019-12-27SBD,SBD
2019-12-28,0.5923910140991211,2019-12-28SBD,SBD
2019-12-29,0.600013017654419,2019-12-29SBD,SBD
2019-12-30,0.6012200117111206,2019-12-30SBD,SBD
2019-12-31,0.6021119952201843,2019-12-31SBD,SBD
2020-01-01,0.593621015548706,2020-01-01SBD,SBD
2020-01-02,0.588653028011322,2020-01-02SBD,SBD
2020-01-03,0.6006320118904114,2020-01-03SBD,SBD
2020-01-04,0.599448025226593,2020-01-04SBD,SBD
2020-01-05,0.587382972240448,2020-01-05SBD,SBD
2020-01-06,0.5967789888381958,2020-01-06SBD,SBD
2020-01-07,0.5932679772377014,2020-01-07SBD,SBD
2020-01-08,0.5882909893989563,2020-01-08SBD,SBD
2020-01-09,0.5959489941596985,2020-01-09SBD,SBD
2020-01-10,0.5970669984817505,2020-01-10SBD,SBD
2020-01-11,0.6127769947052002,2020-01-11SBD,SBD
2020-01-12,0.6115859746932983,2020-01-12SBD,SBD
2020-01-13,0.5980920195579529,2020-01-13SBD,SBD
2020-01-14,0.6305360198020935,2020-01-14SBD,SBD
2020-01-15,0.632125973701477,2020-01-15SBD,SBD
2020-01-16,0.6448839902877808,2020-01-16SBD,SBD
2020-01-17,0.6552730202674866,2020-01-17SBD,SBD
2020-01-18,0.7065690159797668,2020-01-18SBD,SBD
2020-01-19,0.6487910151481628,2020-01-19SBD,SBD
2020-01-20,0.656889021396637,2020-01-20SBD,SBD
2020-01-21,0.7272289991378784,2020-01-21SBD,SBD
2020-01-22,0.8031129837036133,2020-01-22SBD,SBD
2020-01-23,0.7528589963912964,2020-01-23SBD,SBD
2020-01-24,0.8118870258331299,2020-01-24SBD,SBD
2020-01-25,0.8049290180206299,2020-01-25SBD,SBD
2020-01-26,0.8383020162582397,2020-01-26SBD,SBD
2020-01-27,0.8330569863319397,2020-01-27SBD,SBD
2020-01-28,0.8266239762306213,2020-01-28SBD,SBD
2020-01-29,0.8111860156059265,2020-01-29SBD,SBD
2020-01-30,0.7946339845657349,2020-01-30SBD,SBD
2020-01-31,0.7850679755210876,2020-01-31SBD,SBD
2020-02-01,0.7883989810943604,2020-02-01SBD,SBD
2020-02-02,0.7873860001564026,2020-02-02SBD,SBD
2020-02-03,0.7989590167999268,2020-02-03SBD,SBD
2020-02-04,0.8301849961280823,2020-02-04SBD,SBD
2020-02-05,0.8448259830474854,2020-02-05SBD,SBD
2020-02-06,0.8581629991531372,2020-02-06SBD,SBD
2020-02-07,0.849602997303009,2020-02-07SBD,SBD
2020-02-08,0.9393010139465332,2020-02-08SBD,SBD
2020-02-09,0.919044017791748,2020-02-09SBD,SBD
2020-02-10,0.8857100009918213,2020-02-10SBD,SBD
2020-02-11,0.9060140252113342,2020-02-11SBD,SBD
2020-02-12,0.9885810017585754,2020-02-12SBD,SBD
2020-02-13,1.0008139610290527,2020-02-13SBD,SBD
2020-02-14,1.0601470470428467,2020-02-14SBD,SBD
2020-02-15,0.9594830274581909,2020-02-15SBD,SBD
2020-02-16,0.9887170195579529,2020-02-16SBD,SBD
2020-02-17,0.9327089786529541,2020-02-17SBD,SBD
2020-02-18,0.9333040118217468,2020-02-18SBD,SBD
2020-02-19,0.8934310078620911,2020-02-19SBD,SBD
2020-02-20,0.8434579968452454,2020-02-20SBD,SBD
2020-02-21,0.8087480068206787,2020-02-21SBD,SBD
2020-02-22,0.7764530181884766,2020-02-22SBD,SBD
2020-02-23,0.800553023815155,2020-02-23SBD,SBD
2020-02-24,0.776881992816925,2020-02-24SBD,SBD
2020-02-25,0.7269290089607239,2020-02-25SBD,SBD
2020-02-26,0.679947018623352,2020-02-26SBD,SBD
2020-02-27,0.7380470037460327,2020-02-27SBD,SBD
2020-02-28,0.7480649948120117,2020-02-28SBD,SBD
2020-02-29,0.7604209780693054,2020-02-29SBD,SBD
2020-03-01,0.7668439745903015,2020-03-01SBD,SBD
2020-03-02,0.7736300230026245,2020-03-02SBD,SBD
2020-03-03,0.8319470286369324,2020-03-03SBD,SBD
2020-03-04,0.801468014717102,2020-03-04SBD,SBD
2020-03-05,0.8209969997406006,2020-03-05SBD,SBD
2020-03-06,0.8423839807510376,2020-03-06SBD,SBD
2020-03-07,0.809669017791748,2020-03-07SBD,SBD
2020-03-08,0.766152024269104,2020-03-08SBD,SBD
2020-03-09,0.7725210189819336,2020-03-09SBD,SBD
2020-03-10,0.8690930008888245,2020-03-10SBD,SBD
2020-03-11,0.8848040103912354,2020-03-11SBD,SBD
2020-03-12,0.5994510054588318,2020-03-12SBD,SBD
2020-03-13,0.7179239988327026,2020-03-13SBD,SBD
2020-03-14,0.7428569793701172,2020-03-14SBD,SBD
2020-03-15,0.7917609810829163,2020-03-15SBD,SBD
2020-03-16,0.6682980060577393,2020-03-16SBD,SBD
2020-03-17,0.7295510172843933,2020-03-17SBD,SBD
2020-03-18,0.9380800127983093,2020-03-18SBD,SBD
2020-03-19,1.07355797290802,2020-03-19SBD,SBD
2020-03-20,0.7499920129776001,2020-03-20SBD,SBD
2020-03-21,0.74577397108078,2020-03-21SBD,SBD
2020-03-22,0.7195510268211365,2020-03-22SBD,SBD
2020-03-23,0.7323349714279175,2020-03-23SBD,SBD
2020-03-24,0.7536119818687439,2020-03-24SBD,SBD
2020-03-25,0.7550619840621948,2020-03-25SBD,SBD
2020-03-26,0.7347429990768433,2020-03-26SBD,SBD
2020-03-27,0.7159370183944702,2020-03-27SBD,SBD
2020-03-28,0.7488150000572205,2020-03-28SBD,SBD
2020-03-29,0.7350469827651978,2020-03-29SBD,SBD
2020-03-30,0.7526350021362305,2020-03-30SBD,SBD
2020-03-31,0.7774919867515564,2020-03-31SBD,SBD
2020-04-01,0.767067015171051,2020-04-01SBD,SBD
2020-04-02,0.7888389825820923,2020-04-02SBD,SBD
2020-04-03,0.8698329925537109,2020-04-03SBD,SBD
2020-04-04,0.8788999915122986,2020-04-04SBD,SBD
2020-04-05,0.8950430154800415,2020-04-05SBD,SBD
2020-04-06,0.9317119717597961,2020-04-06SBD,SBD
2020-04-07,0.9222779870033264,2020-04-07SBD,SBD
2020-04-08,0.9417110085487366,2020-04-08SBD,SBD
2020-04-09,0.9836879968643188,2020-04-09SBD,SBD
2020-04-10,1.005247950553894,2020-04-10SBD,SBD
2020-04-11,0.9681169986724854,2020-04-11SBD,SBD
2020-04-12,0.9985920190811157,2020-04-12SBD,SBD
2020-04-13,1.0048749446868896,2020-04-13SBD,SBD
2020-04-14,0.9868080019950867,2020-04-14SBD,SBD
2020-04-15,0.9673100113868713,2020-04-15SBD,SBD
2020-04-16,0.9821569919586182,2020-04-16SBD,SBD
2020-04-17,0.9826509952545166,2020-04-17SBD,SBD
2020-04-18,0.9866470098495483,2020-04-18SBD,SBD
2020-04-19,0.9881479740142822,2020-04-19SBD,SBD
2020-04-20,0.9860290288925171,2020-04-20SBD,SBD
2020-04-21,0.9706140160560608,2020-04-21SBD,SBD
2020-04-22,0.979790985584259,2020-04-22SBD,SBD
2020-04-23,0.9729490280151367,2020-04-23SBD,SBD
2020-04-24,0.986778974533081,2020-04-24SBD,SBD
2020-04-25,0.98648601770401,2020-04-25SBD,SBD
2020-04-26,1.018354058265686,2020-04-26SBD,SBD
2020-04-27,1.064028024673462,2020-04-27SBD,SBD
2020-04-28,1.0426050424575806,2020-04-28SBD,SBD
2020-04-29,1.0487430095672607,2020-04-29SBD,SBD
2020-04-30,1.0544699430465698,2020-04-30SBD,SBD
2020-05-01,1.0438120365142822,2020-05-01SBD,SBD
2020-05-02,1.0312559604644775,2020-05-02SBD,SBD
2020-05-03,1.0577640533447266,2020-05-03SBD,SBD
2020-05-04,1.0183720588684082,2020-05-04SBD,SBD
2020-05-05,0.9911980032920837,2020-05-05SBD,SBD
2020-05-06,0.9789549708366394,2020-05-06SBD,SBD
2020-05-07,1.0011860132217407,2020-05-07SBD,SBD
2020-05-08,0.9997349977493286,2020-05-08SBD,SBD
2020-05-09,1.0081919431686401,2020-05-09SBD,SBD
2020-05-10,0.9531570076942444,2020-05-10SBD,SBD
2020-05-11,0.9414299726486206,2020-05-11SBD,SBD
2020-05-12,0.9568790197372437,2020-05-12SBD,SBD
2020-05-13,0.974914014339447,2020-05-13SBD,SBD
2020-05-14,0.9721750020980835,2020-05-14SBD,SBD
2020-05-15,0.9487079977989197,2020-05-15SBD,SBD
2020-05-16,0.9474350214004517,2020-05-16SBD,SBD
2020-05-17,0.9608359932899475,2020-05-17SBD,SBD
2020-05-18,0.9955270290374756,2020-05-18SBD,SBD
2020-05-19,1.0604959726333618,2020-05-19SBD,SBD
2020-05-20,1.0913000106811523,2020-05-20SBD,SBD
2020-05-21,0.9604300260543823,2020-05-21SBD,SBD
2020-05-22,0.9675750136375427,2020-05-22SBD,SBD
2020-05-23,0.9911500215530396,2020-05-23SBD,SBD
2020-05-24,0.959194004535675,2020-05-24SBD,SBD
2020-05-25,0.9842380285263062,2020-05-25SBD,SBD
2020-05-26,1.0033409595489502,2020-05-26SBD,SBD
2020-05-27,0.9930689930915833,2020-05-27SBD,SBD
2020-05-28,0.9935280084609985,2020-05-28SBD,SBD
2020-05-29,1.0022920370101929,2020-05-29SBD,SBD
2020-05-30,1.0106480121612549,2020-05-30SBD,SBD
2020-05-31,1.0110249519348145,2020-05-31SBD,SBD
2020-06-01,1.0116369724273682,2020-06-01SBD,SBD
2020-06-02,1.0542680025100708,2020-06-02SBD,SBD
2020-06-03,1.065269947052002,2020-06-03SBD,SBD
2020-06-04,1.0892419815063477,2020-06-04SBD,SBD
2020-06-05,1.0678390264511108,2020-06-05SBD,SBD
2020-06-06,1.0695990324020386,2020-06-06SBD,SBD
2020-06-07,1.164451003074646,2020-06-07SBD,SBD
2020-06-08,1.1119600534439087,2020-06-08SBD,SBD
2020-06-09,1.1641299724578857,2020-06-09SBD,SBD
2020-06-10,1.164476990699768,2020-06-10SBD,SBD
2020-06-11,1.02389395236969,2020-06-11SBD,SBD
2020-06-12,1.054595947265625,2020-06-12SBD,SBD
2020-06-13,1.0792440176010132,2020-06-13SBD,SBD
2020-06-14,1.0504809617996216,2020-06-14SBD,SBD
2020-06-15,1.022536039352417,2020-06-15SBD,SBD
2020-06-16,1.0151809453964233,2020-06-16SBD,SBD
2020-06-17,1.0408109426498413,2020-06-17SBD,SBD
2020-06-18,1.0466220378875732,2020-06-18SBD,SBD
2020-06-19,1.0546679496765137,2020-06-19SBD,SBD
2020-06-20,1.0471709966659546,2020-06-20SBD,SBD
2020-06-21,1.0326370000839233,2020-06-21SBD,SBD
2020-06-22,1.050376057624817,2020-06-22SBD,SBD
2020-06-23,1.0469369888305664,2020-06-23SBD,SBD
2020-06-24,1.0030189752578735,2020-06-24SBD,SBD
2020-06-25,0.9976590275764465,2020-06-25SBD,SBD
2020-06-26,0.985040009021759,2020-06-26SBD,SBD
2020-06-27,0.9912099838256836,2020-06-27SBD,SBD
2020-06-28,0.9842010140419006,2020-06-28SBD,SBD
2020-06-29,0.9869660139083862,2020-06-29SBD,SBD
2020-06-30,0.9589239954948425,2020-06-30SBD,SBD
2020-07-01,0.9865409731864929,2020-07-01SBD,SBD
2020-07-02,0.980663001537323,2020-07-02SBD,SBD
2020-07-03,0.980767011642456,2020-07-03SBD,SBD
2020-07-04,1.0028369426727295,2020-07-04SBD,SBD
2020-07-05,0.9874110221862793,2020-07-05SBD,SBD
2020-07-06,1.0006730556488037,2020-07-06SBD,SBD
2020-07-07,1.0057719945907593,2020-07-07SBD,SBD
2020-07-08,1.0409330129623413,2020-07-08SBD,SBD
2020-07-09,1.0321060419082642,2020-07-09SBD,SBD
2020-07-10,1.0155470371246338,2020-07-10SBD,SBD
2020-07-11,1.0109670162200928,2020-07-11SBD,SBD
2020-07-12,1.0081100463867188,2020-07-12SBD,SBD
2020-07-13,1.0383210182189941,2020-07-13SBD,SBD
2020-07-14,1.0166230201721191,2020-07-14SBD,SBD
2020-07-15,1.0153119564056396,2020-07-15SBD,SBD
2020-07-16,0.9914870262145996,2020-07-16SBD,SBD
2020-07-17,0.9835000038146973,2020-07-17SBD,SBD
2020-07-18,1.004183053970337,2020-07-18SBD,SBD
2020-07-19,1.0095089673995972,2020-07-19SBD,SBD
2020-07-20,1.018813967704773,2020-07-20SBD,SBD
2020-07-21,1.038661003112793,2020-07-21SBD,SBD
2020-07-22,1.0603070259094238,2020-07-22SBD,SBD
2020-07-23,1.0277600288391113,2020-07-23SBD,SBD
2020-07-24,1.0198780298233032,2020-07-24SBD,SBD
2020-07-25,1.0312199592590332,2020-07-25SBD,SBD
2020-07-26,1.0193010568618774,2020-07-26SBD,SBD
2020-07-27,1.0186569690704346,2020-07-27SBD,SBD
2020-07-28,1.013856053352356,2020-07-28SBD,SBD
2020-07-29,1.0494439601898193,2020-07-29SBD,SBD
2020-07-30,1.0421240329742432,2020-07-30SBD,SBD
2020-07-31,1.0750750303268433,2020-07-31SBD,SBD
2020-08-01,1.0711979866027832,2020-08-01SBD,SBD
2020-08-02,1.0004700422286987,2020-08-02SBD,SBD
2020-08-03,1.0265389680862427,2020-08-03SBD,SBD
2020-08-04,1.0349420309066772,2020-08-04SBD,SBD
2020-08-05,1.0325599908828735,2020-08-05SBD,SBD
2020-08-06,1.0374200344085693,2020-08-06SBD,SBD
2020-08-07,1.045395016670227,2020-08-07SBD,SBD
2020-08-08,1.0413360595703125,2020-08-08SBD,SBD
2020-08-09,1.0427759885787964,2020-08-09SBD,SBD
2020-08-10,1.0701500177383423,2020-08-10SBD,SBD
2020-08-11,1.0448960065841675,2020-08-11SBD,SBD
2020-08-12,1.0512030124664307,2020-08-12SBD,SBD
2020-08-13,1.0500589609146118,2020-08-13SBD,SBD
2020-08-14,1.0612289905548096,2020-08-14SBD,SBD
2020-08-15,1.0572359561920166,2020-08-15SBD,SBD
2020-08-16,1.0615019798278809,2020-08-16SBD,SBD
2020-08-17,1.102046012878418,2020-08-17SBD,SBD
2020-08-18,1.055819034576416,2020-08-18SBD,SBD
2020-08-19,1.0566459894180298,2020-08-19SBD,SBD
2020-08-20,1.134605050086975,2020-08-20SBD,SBD
2020-08-21,1.1020749807357788,2020-08-21SBD,SBD
2020-08-22,1.0858409404754639,2020-08-22SBD,SBD
2020-08-23,1.0770519971847534,2020-08-23SBD,SBD
2020-08-24,1.1056909561157227,2020-08-24SBD,SBD
2020-08-25,1.0603710412979126,2020-08-25SBD,SBD
2020-08-26,1.0480819940567017,2020-08-26SBD,SBD
2020-08-27,1.0184309482574463,2020-08-27SBD,SBD
2020-08-28,1.0232969522476196,2020-08-28SBD,SBD
2020-08-29,1.0412739515304565,2020-08-29SBD,SBD
2020-08-30,1.0416699647903442,2020-08-30SBD,SBD
2020-08-31,1.0219099521636963,2020-08-31SBD,SBD
2020-09-01,1.0290470123291016,2020-09-01SBD,SBD
2020-09-02,0.9998109936714172,2020-09-02SBD,SBD
2020-09-03,0.9430450201034546,2020-09-03SBD,SBD
2020-09-04,0.9502660036087036,2020-09-04SBD,SBD
2020-09-05,0.9468590021133423,2020-09-05SBD,SBD
2020-09-06,0.952663004398346,2020-09-06SBD,SBD
2020-09-07,0.9472699761390686,2020-09-07SBD,SBD
2020-09-08,0.9608389735221863,2020-09-08SBD,SBD
2020-09-09,0.9578149914741516,2020-09-09SBD,SBD
2020-09-10,0.9756760001182556,2020-09-10SBD,SBD
2020-09-11,0.9641609787940979,2020-09-11SBD,SBD
2020-09-12,0.9680619835853577,2020-09-12SBD,SBD
2020-09-13,0.9644060134887695,2020-09-13SBD,SBD
2020-09-14,0.9566959738731384,2020-09-14SBD,SBD
2020-09-15,0.9569720029830933,2020-09-15SBD,SBD
2020-09-16,0.963113009929657,2020-09-16SBD,SBD
2020-09-17,0.9738180041313171,2020-09-17SBD,SBD
2020-09-18,0.9726849794387817,2020-09-18SBD,SBD
2020-09-19,0.9695659875869751,2020-09-19SBD,SBD
2020-09-20,0.9735640287399292,2020-09-20SBD,SBD
2020-09-21,0.9647709727287292,2020-09-21SBD,SBD
2020-09-22,0.9628130197525024,2020-09-22SBD,SBD
2020-09-23,0.9411640167236328,2020-09-23SBD,SBD
2020-09-24,0.9637889862060547,2020-09-24SBD,SBD
2020-09-25,0.9513099789619446,2020-09-25SBD,SBD
2020-09-26,0.9572820067405701,2020-09-26SBD,SBD
2020-09-27,0.9522780179977417,2020-09-27SBD,SBD
2020-09-28,0.9601410031318665,2020-09-28SBD,SBD
2020-09-29,0.9645230174064636,2020-09-29SBD,SBD
2020-09-30,0.9859560132026672,2020-09-30SBD,SBD
2020-10-01,0.9668909907341003,2020-10-01SBD,SBD
2020-10-02,0.9723910093307495,2020-10-02SBD,SBD
2020-10-03,0.9635540246963501,2020-10-03SBD,SBD
2020-10-04,0.9724180102348328,2020-10-04SBD,SBD
2020-10-05,0.955374002456665,2020-10-05SBD,SBD
2020-10-06,0.9760820269584656,2020-10-06SBD,SBD
2020-10-07,0.967365026473999,2020-10-07SBD,SBD
2020-10-08,0.9899240136146545,2020-10-08SBD,SBD
2020-10-09,1.031093955039978,2020-10-09SBD,SBD
2020-10-10,1.028944969177246,2020-10-10SBD,SBD
2020-10-11,1.0092740058898926,2020-10-11SBD,SBD
2020-10-12,1.0030009746551514,2020-10-12SBD,SBD
2020-10-13,1.0008840560913086,2020-10-13SBD,SBD
2020-10-14,0.9915969967842102,2020-10-14SBD,SBD
2020-10-15,1.0081419944763184,2020-10-15SBD,SBD
2020-10-16,1.0110069513320923,2020-10-16SBD,SBD
2020-10-17,0.997331976890564,2020-10-17SBD,SBD
2020-10-18,1.0023789405822754,2020-10-18SBD,SBD
2020-10-19,0.9994210004806519,2020-10-19SBD,SBD
2020-10-20,0.990913987159729,2020-10-20SBD,SBD
2020-10-21,1.0010290145874023,2020-10-21SBD,SBD
2020-10-22,0.9989659786224365,2020-10-22SBD,SBD
2020-10-23,1.0054670572280884,2020-10-23SBD,SBD
2020-10-24,0.9965770244598389,2020-10-24SBD,SBD
2020-10-25,0.9917939901351929,2020-10-25SBD,SBD
2020-10-26,0.9787700176239014,2020-10-26SBD,SBD
2020-10-27,0.9827439785003662,2020-10-27SBD,SBD
2020-10-28,0.9776809811592102,2020-10-28SBD,SBD
2020-10-29,0.977292001247406,2020-10-29SBD,SBD
2020-10-30,0.9751729965209961,2020-10-30SBD,SBD
2020-10-31,0.9673920273780823,2020-10-31SBD,SBD
2020-11-01,0.9771580100059509,2020-11-01SBD,SBD
2020-11-02,0.9589930176734924,2020-11-02SBD,SBD
2020-11-03,0.9521629810333252,2020-11-03SBD,SBD
2020-11-04,0.8922410011291504,2020-11-04SBD,SBD
2020-11-05,0.9841330051422119,2020-11-05SBD,SBD
2020-11-06,0.9981290102005005,2020-11-06SBD,SBD
2020-11-07,0.963729977607727,2020-11-07SBD,SBD
2020-11-08,0.9840289950370789,2020-11-08SBD,SBD
2020-11-09,0.9777039885520935,2020-11-09SBD,SBD
2020-11-10,0.9846159815788269,2020-11-10SBD,SBD
2020-11-11,0.9885540008544922,2020-11-11SBD,SBD
2020-11-12,0.9773200154304504,2020-11-12SBD,SBD
2020-11-13,0.9932780265808105,2020-11-13SBD,SBD
2020-11-14,0.9874539971351624,2020-11-14SBD,SBD
2020-11-15,0.9882190227508545,2020-11-15SBD,SBD
2020-11-16,0.9787520170211792,2020-11-16SBD,SBD
2020-11-17,0.9856889843940735,2020-11-17SBD,SBD
2020-11-18,1.617035984992981,2020-11-18SBD,SBD
2020-11-19,1.2246659994125366,2020-11-19SBD,SBD
2020-11-20,1.3045350313186646,2020-11-20SBD,SBD
2020-11-21,1.2642040252685547,2020-11-21SBD,SBD
2020-11-22,1.2285289764404297,2020-11-22SBD,SBD
2020-11-23,1.211696982383728,2020-11-23SBD,SBD
2020-11-24,1.2378710508346558,2020-11-24SBD,SBD
2020-11-25,1.2962160110473633,2020-11-25SBD,SBD
2020-11-26,1.1294699907302856,2020-11-26SBD,SBD
2020-11-27,1.1583219766616821,2020-11-27SBD,SBD
2020-11-28,1.185399055480957,2020-11-28SBD,SBD
2020-11-29,1.198678970336914,2020-11-29SBD,SBD
2020-11-30,1.2207080125808716,2020-11-30SBD,SBD
2020-12-01,2.372488021850586,2020-12-01SBD,SBD
2020-12-02,3.289700984954834,2020-12-02SBD,SBD
2020-12-03,3.6247360706329346,2020-12-03SBD,SBD
2020-12-04,3.3714990615844727,2020-12-04SBD,SBD
2020-12-05,3.4499599933624268,2020-12-05SBD,SBD
2020-12-06,3.298180103302002,2020-12-06SBD,SBD
2020-12-07,2.969451904296875,2020-12-07SBD,SBD
2020-12-08,2.744148015975952,2020-12-08SBD,SBD
2020-12-09,2.6529300212860107,2020-12-09SBD,SBD
2020-12-10,2.570091962814331,2020-12-10SBD,SBD
2020-12-11,2.266629934310913,2020-12-11SBD,SBD
2020-12-12,2.6743390560150146,2020-12-12SBD,SBD
2020-12-13,2.710892915725708,2020-12-13SBD,SBD
2020-12-14,2.5844340324401855,2020-12-14SBD,SBD
2020-12-15,2.538172960281372,2020-12-15SBD,SBD
2020-12-16,2.5319900512695312,2020-12-16SBD,SBD
2020-12-17,2.4057741165161133,2020-12-17SBD,SBD
2020-12-18,3.2379040718078613,2020-12-18SBD,SBD
2020-12-19,3.160128116607666,2020-12-19SBD,SBD
2020-12-20,2.869781970977783,2020-12-20SBD,SBD
2020-12-21,2.760862112045288,2020-12-21SBD,SBD
2020-12-22,2.7658050060272217,2020-12-22SBD,SBD
2020-12-23,2.3830759525299072,2020-12-23SBD,SBD
2020-12-24,2.724893093109131,2020-12-24SBD,SBD
2020-12-25,2.681056022644043,2020-12-25SBD,SBD
2020-12-26,2.7359259128570557,2020-12-26SBD,SBD
2020-12-27,2.7439770698547363,2020-12-27SBD,SBD
2020-12-28,2.7227768898010254,2020-12-28SBD,SBD
2020-12-29,2.676424980163574,2020-12-29SBD,SBD
2020-12-30,2.635772943496704,2020-12-30SBD,SBD
2020-12-31,2.7171239852905273,2020-12-31SBD,SBD
2021-01-01,2.7814769744873047,2021-01-01SBD,SBD
2021-01-02,3.0347440242767334,2021-01-02SBD,SBD
2021-01-03,2.8648900985717773,2021-01-03SBD,SBD
2021-01-04,2.7053589820861816,2021-01-04SBD,SBD
2021-01-05,2.762204885482788,2021-01-05SBD,SBD
2021-01-06,2.936000108718872,2021-01-06SBD,SBD
2021-01-07,3.098371982574463,2021-01-07SBD,SBD
2021-01-08,3.229259967803955,2021-01-08SBD,SBD
2021-01-09,3.224586009979248,2021-01-09SBD,SBD
2021-01-10,3.595487117767334,2021-01-10SBD,SBD
2021-01-11,2.938462972640991,2021-01-11SBD,SBD
2021-01-12,3.0103259086608887,2021-01-12SBD,SBD
2021-01-13,3.1280579566955566,2021-01-13SBD,SBD
2021-01-14,3.3213438987731934,2021-01-14SBD,SBD
2021-01-15,3.1468119621276855,2021-01-15SBD,SBD
2021-01-16,3.3504810333251953,2021-01-16SBD,SBD
2021-01-17,3.282681941986084,2021-01-17SBD,SBD
2021-01-18,3.3465309143066406,2021-01-18SBD,SBD
2021-01-19,3.3979759216308594,2021-01-19SBD,SBD
2021-01-20,3.407957077026367,2021-01-20SBD,SBD
2021-01-21,3.0405540466308594,2021-01-21SBD,SBD
2021-01-22,3.075045108795166,2021-01-22SBD,SBD
2021-01-23,3.09313702583313,2021-01-23SBD,SBD
2021-01-24,3.132603883743286,2021-01-24SBD,SBD
2021-01-25,3.1092989444732666,2021-01-25SBD,SBD
2021-01-26,3.0621418952941895,2021-01-26SBD,SBD
2021-01-27,2.9047129154205322,2021-01-27SBD,SBD
2021-01-28,3.0136539936065674,2021-01-28SBD,SBD
2021-01-29,3.0667529106140137,2021-01-29SBD,SBD
2021-01-30,2.9687249660491943,2021-01-30SBD,SBD
2021-01-31,2.9137580394744873,2021-01-31SBD,SBD
2021-02-01,2.868227005004883,2021-02-01SBD,SBD
2021-02-02,2.942426919937134,2021-02-02SBD,SBD
2021-02-03,3.08864688873291,2021-02-03SBD,SBD
2021-02-04,3.0701839923858643,2021-02-04SBD,SBD
2021-02-05,3.4962949752807617,2021-02-05SBD,SBD
2021-02-06,3.323580026626587,2021-02-06SBD,SBD
2021-02-07,3.314068078994751,2021-02-07SBD,SBD
2021-02-08,3.338520050048828,2021-02-08SBD,SBD
2021-02-09,3.942589044570923,2021-02-09SBD,SBD
2021-02-10,4.0427021980285645,2021-02-10SBD,SBD
2021-02-11,4.260966777801514,2021-02-11SBD,SBD
2021-02-12,4.310004234313965,2021-02-12SBD,SBD
2021-02-13,4.503650188446045,2021-02-13SBD,SBD
2021-02-14,4.264366149902344,2021-02-14SBD,SBD
2021-02-15,4.95279598236084,2021-02-15SBD,SBD
2021-02-16,4.837222099304199,2021-02-16SBD,SBD
2021-02-17,4.653007984161377,2021-02-17SBD,SBD
2021-02-18,4.983911991119385,2021-02-18SBD,SBD
2021-02-19,5.270606994628906,2021-02-19SBD,SBD
2021-02-20,4.913503170013428,2021-02-20SBD,SBD
2021-02-21,5.430792808532715,2021-02-21SBD,SBD
2021-02-22,4.704166889190674,2021-02-22SBD,SBD
2021-02-23,3.585581064224243,2021-02-23SBD,SBD
2021-02-24,3.9554059505462646,2021-02-24SBD,SBD
2021-02-25,4.550675868988037,2021-02-25SBD,SBD
2021-02-26,9.022767066955566,2021-02-26SBD,SBD
2021-02-27,6.413572788238525,2021-02-27SBD,SBD
2021-02-28,5.91981315612793,2021-02-28SBD,SBD
2021-03-01,6.397188186645508,2021-03-01SBD,SBD
2021-03-02,6.610988140106201,2021-03-02SBD,SBD
2021-03-03,6.608296871185303,2021-03-03SBD,SBD
2021-03-04,6.356565952301025,2021-03-04SBD,SBD
2021-03-05,6.394701957702637,2021-03-05SBD,SBD
2021-03-06,6.411809921264648,2021-03-06SBD,SBD
2021-03-07,6.519811153411865,2021-03-07SBD,SBD
2021-03-08,6.38357400894165,2021-03-08SBD,SBD
2021-03-09,6.571331024169922,2021-03-09SBD,SBD
2021-03-10,6.921182155609131,2021-03-10SBD,SBD
2021-03-11,7.010585784912109,2021-03-11SBD,SBD
2021-03-12,7.456894874572754,2021-03-12SBD,SBD
2021-03-13,7.254383087158203,2021-03-13SBD,SBD
2021-03-14,6.986926078796387,2021-03-14SBD,SBD
2021-03-15,6.953691005706787,2021-03-15SBD,SBD
2021-03-16,6.9718780517578125,2021-03-16SBD,SBD
2021-03-17,6.925396919250488,2021-03-17SBD,SBD
2021-03-18,6.896553993225098,2021-03-18SBD,SBD
2021-03-19,7.330239772796631,2021-03-19SBD,SBD
2021-03-20,6.852502822875977,2021-03-20SBD,SBD
2021-03-21,7.595242023468018,2021-03-21SBD,SBD
2021-03-22,7.387844085693359,2021-03-22SBD,SBD
2021-03-23,7.587498188018799,2021-03-23SBD,SBD
2021-03-24,7.101600170135498,2021-03-24SBD,SBD
2021-03-25,6.80416202545166,2021-03-25SBD,SBD
2021-03-26,7.152242183685303,2021-03-26SBD,SBD
2021-03-27,7.2794599533081055,2021-03-27SBD,SBD
2021-03-28,7.533140182495117,2021-03-28SBD,SBD
2021-03-29,8.09488582611084,2021-03-29SBD,SBD
2021-03-30,8.553403854370117,2021-03-30SBD,SBD
2021-03-31,9.004761695861816,2021-03-31SBD,SBD
2021-04-01,8.76736831665039,2021-04-01SBD,SBD
2021-04-02,12.32882308959961,2021-04-02SBD,SBD
2021-04-03,10.452127456665039,2021-04-03SBD,SBD
2021-04-04,10.992109298706055,2021-04-04SBD,SBD
2021-04-05,9.907513618469238,2021-04-05SBD,SBD
2021-04-06,9.47077465057373,2021-04-06SBD,SBD
2021-04-07,6.932468891143799,2021-04-07SBD,SBD
2021-04-08,8.114945411682129,2021-04-08SBD,SBD
2021-04-09,10.615091323852539,2021-04-09SBD,SBD
2021-04-10,9.804533004760742,2021-04-10SBD,SBD
2021-04-11,8.714459419250488,2021-04-11SBD,SBD
2021-04-12,9.08334732055664,2021-04-12SBD,SBD
2021-04-13,9.16883659362793,2021-04-13SBD,SBD
2021-04-14,9.142487525939941,2021-04-14SBD,SBD
2021-04-15,9.315352439880371,2021-04-15SBD,SBD
2021-04-16,9.76337718963623,2021-04-16SBD,SBD
2021-04-17,9.21291446685791,2021-04-17SBD,SBD
2021-04-18,8.014655113220215,2021-04-18SBD,SBD
2021-04-19,7.866483211517334,2021-04-19SBD,SBD
2021-04-20,7.864770889282227,2021-04-20SBD,SBD
2021-04-21,8.071451187133789,2021-04-21SBD,SBD
2021-04-22,6.630919933319092,2021-04-22SBD,SBD
2021-04-23,5.886016845703125,2021-04-23SBD,SBD
2021-04-24,5.856629848480225,2021-04-24SBD,SBD
2021-04-25,6.0734148025512695,2021-04-25SBD,SBD
2021-04-26,7.306494235992432,2021-04-26SBD,SBD
2021-04-27,8.358518600463867,2021-04-27SBD,SBD
2021-04-28,7.4448018074035645,2021-04-28SBD,SBD
2021-04-29,7.37454891204834,2021-04-29SBD,SBD
2021-04-30,7.831139087677002,2021-04-30SBD,SBD
2021-05-01,7.449621200561523,2021-05-01SBD,SBD
2021-05-02,7.199513912200928,2021-05-02SBD,SBD
2021-05-03,7.5636138916015625,2021-05-03SBD,SBD
2021-05-04,6.853378772735596,2021-05-04SBD,SBD
2021-05-05,6.450383186340332,2021-05-05SBD,SBD
2021-05-06,7.857345104217529,2021-05-06SBD,SBD
2021-05-07,7.627223968505859,2021-05-07SBD,SBD
2021-05-08,7.906370162963867,2021-05-08SBD,SBD
2021-05-09,7.360458850860596,2021-05-09SBD,SBD
2021-05-10,6.602330207824707,2021-05-10SBD,SBD
2021-05-11,6.754974842071533,2021-05-11SBD,SBD
2021-05-12,6.112305164337158,2021-05-12SBD,SBD
2021-05-13,5.914301872253418,2021-05-13SBD,SBD
2021-05-14,5.804646968841553,2021-05-14SBD,SBD
2021-05-15,5.565925121307373,2021-05-15SBD,SBD
2021-05-16,5.595830917358398,2021-05-16SBD,SBD
2021-05-17,4.99739408493042,2021-05-17SBD,SBD
2021-05-18,5.798181056976318,2021-05-18SBD,SBD
2021-05-19,9.443896293640137,2021-05-19SBD,SBD
2021-05-20,10.636432647705078,2021-05-20SBD,SBD
2021-05-21,6.851120948791504,2021-05-21SBD,SBD
2021-05-22,5.551058769226074,2021-05-22SBD,SBD
2021-05-23,4.750820159912109,2021-05-23SBD,SBD
2021-05-24,5.65511417388916,2021-05-24SBD,SBD
2021-05-25,6.653381824493408,2021-05-25SBD,SBD
2021-05-26,9.637129783630371,2021-05-26SBD,SBD
2021-05-27,8.64369010925293,2021-05-27SBD,SBD
2021-05-28,7.985843181610107,2021-05-28SBD,SBD
2021-05-29,7.594733238220215,2021-05-29SBD,SBD
2021-05-30,7.967048168182373,2021-05-30SBD,SBD
2021-05-31,8.767532348632812,2021-05-31SBD,SBD
2021-06-01,8.35998821258545,2021-06-01SBD,SBD
2021-06-02,8.366392135620117,2021-06-02SBD,SBD
2021-06-03,8.45993423461914,2021-06-03SBD,SBD
2021-06-04,7.823345184326172,2021-06-04SBD,SBD
2021-06-05,7.763306140899658,2021-06-05SBD,SBD
2021-06-06,7.975412845611572,2021-06-06SBD,SBD
2021-06-07,7.790637969970703,2021-06-07SBD,SBD
2021-06-08,7.668245792388916,2021-06-08SBD,SBD
2021-06-09,7.46217679977417,2021-06-09SBD,SBD
2021-06-10,7.130555152893066,2021-06-10SBD,SBD
2021-06-11,6.424201011657715,2021-06-11SBD,SBD
2021-06-12,5.680414199829102,2021-06-12SBD,SBD
2021-06-13,6.693531036376953,2021-06-13SBD,SBD
2021-06-14,7.184691905975342,2021-06-14SBD,SBD
2021-06-15,6.690332889556885,2021-06-15SBD,SBD
2021-06-16,6.236804008483887,2021-06-16SBD,SBD
2021-06-17,5.950757026672363,2021-06-17SBD,SBD
2021-06-18,5.655034065246582,2021-06-18SBD,SBD
2021-06-19,6.0939741134643555,2021-06-19SBD,SBD
2021-06-20,5.790913105010986,2021-06-20SBD,SBD
2021-06-21,4.200819969177246,2021-06-21SBD,SBD
2021-06-22,3.8195629119873047,2021-06-22SBD,SBD
2021-06-23,3.849961996078491,2021-06-23SBD,SBD
2021-06-24,4.655313014984131,2021-06-24SBD,SBD
2021-06-25,4.212704181671143,2021-06-25SBD,SBD
2021-06-26,4.5581231117248535,2021-06-26SBD,SBD
2021-06-27,4.097968101501465,2021-06-27SBD,SBD
2021-06-28,4.995748043060303,2021-06-28SBD,SBD
2021-06-29,5.349399089813232,2021-06-29SBD,SBD
2021-06-30,6.898036003112793,2021-06-30SBD,SBD
2021-07-01,5.88877010345459,2021-07-01SBD,SBD
2021-07-02,5.803822040557861,2021-07-02SBD,SBD
2021-07-03,5.61722993850708,2021-07-03SBD,SBD
2021-07-04,6.040466785430908,2021-07-04SBD,SBD
2021-07-05,5.7317891120910645,2021-07-05SBD,SBD
2021-07-06,6.307959079742432,2021-07-06SBD,SBD
2021-07-07,6.4471821784973145,2021-07-07SBD,SBD
2021-07-08,5.8799848556518555,2021-07-08SBD,SBD
2021-07-09,5.9454731941223145,2021-07-09SBD,SBD
2021-07-10,6.094279766082764,2021-07-10SBD,SBD
2021-07-11,6.3131489753723145,2021-07-11SBD,SBD
2021-07-12,6.527119159698486,2021-07-12SBD,SBD
2021-07-13,6.913942813873291,2021-07-13SBD,SBD
2021-07-14,6.2782111167907715,2021-07-14SBD,SBD
2021-07-15,6.488923072814941,2021-07-15SBD,SBD
2021-07-16,6.008566856384277,2021-07-16SBD,SBD
2021-07-17,6.047947883605957,2021-07-17SBD,SBD
2021-07-18,6.139798164367676,2021-07-18SBD,SBD
2021-07-19,5.846592903137207,2021-07-19SBD,SBD
2021-07-20,5.589850902557373,2021-07-20SBD,SBD
2021-07-21,5.966854095458984,2021-07-21SBD,SBD
2021-07-22,6.030389785766602,2021-07-22SBD,SBD
2021-07-23,6.097436904907227,2021-07-23SBD,SBD
2021-07-24,6.288392066955566,2021-07-24SBD,SBD
2021-07-25,6.535758018493652,2021-07-25SBD,SBD
2021-07-26,6.805373191833496,2021-07-26SBD,SBD
2021-07-27,6.834231853485107,2021-07-27SBD,SBD
2021-07-28,6.662454128265381,2021-07-28SBD,SBD
2021-07-29,6.9255290031433105,2021-07-29SBD,SBD
2021-07-30,7.009972095489502,2021-07-30SBD,SBD
2021-07-31,7.066338062286377,2021-07-31SBD,SBD
2021-08-01,7.478602886199951,2021-08-01SBD,SBD
2021-08-02,7.201241970062256,2021-08-02SBD,SBD
2021-08-03,6.982175827026367,2021-08-03SBD,SBD
2021-08-04,7.065046787261963,2021-08-04SBD,SBD
2021-08-05,7.096306800842285,2021-08-05SBD,SBD
2021-08-06,7.308503150939941,2021-08-06SBD,SBD
2021-08-07,7.752081871032715,2021-08-07SBD,SBD
2021-08-08,7.592103004455566,2021-08-08SBD,SBD
2021-08-09,7.6292572021484375,2021-08-09SBD,SBD
2021-08-10,7.65615177154541,2021-08-10SBD,SBD
2021-08-11,7.877294063568115,2021-08-11SBD,SBD
2021-08-12,7.574775218963623,2021-08-12SBD,SBD
2021-08-13,7.807234764099121,2021-08-13SBD,SBD
2021-08-14,8.22450065612793,2021-08-14SBD,SBD
2021-08-15,8.241595268249512,2021-08-15SBD,SBD
2021-08-16,7.92786979675293,2021-08-16SBD,SBD
2021-08-17,7.380315780639648,2021-08-17SBD,SBD
2021-08-18,7.500127792358398,2021-08-18SBD,SBD
2021-08-19,7.608188152313232,2021-08-19SBD,SBD
2021-08-20,7.705805778503418,2021-08-20SBD,SBD
2021-08-21,7.87067985534668,2021-08-21SBD,SBD
2021-08-22,7.840854167938232,2021-08-22SBD,SBD
2021-08-23,8.207077980041504,2021-08-23SBD,SBD
2021-08-24,8.640800476074219,2021-08-24SBD,SBD
2021-08-25,8.309857368469238,2021-08-25SBD,SBD
2021-08-26,7.8412628173828125,2021-08-26SBD,SBD
2021-08-27,8.173179626464844,2021-08-27SBD,SBD
2021-08-28,8.099884033203125,2021-08-28SBD,SBD
2021-08-29,8.057008743286133,2021-08-29SBD,SBD
2021-08-30,7.890806198120117,2021-08-30SBD,SBD
2021-08-31,8.09890079498291,2021-08-31SBD,SBD
2021-09-01,8.355569839477539,2021-09-01SBD,SBD
2021-09-02,8.440298080444336,2021-09-02SBD,SBD
2021-09-03,8.773504257202148,2021-09-03SBD,SBD
2021-09-04,9.162860870361328,2021-09-04SBD,SBD
2021-09-05,8.868800163269043,2021-09-05SBD,SBD
2021-09-06,9.188043594360352,2021-09-06SBD,SBD
2021-09-07,7.764742851257324,2021-09-07SBD,SBD
2021-09-08,7.734291076660156,2021-09-08SBD,SBD
2021-09-09,8.004005432128906,2021-09-09SBD,SBD
2021-09-10,7.9674248695373535,2021-09-10SBD,SBD
2021-09-11,7.851600170135498,2021-09-11SBD,SBD
2021-09-12,8.01439380645752,2021-09-12SBD,SBD
2021-09-13,7.616257190704346,2021-09-13SBD,SBD
2021-09-14,7.795392036437988,2021-09-14SBD,SBD
2021-09-15,7.943747043609619,2021-09-15SBD,SBD
2021-09-16,7.936992168426514,2021-09-16SBD,SBD
2021-09-17,7.825174808502197,2021-09-17SBD,SBD
2021-09-18,7.859025955200195,2021-09-18SBD,SBD
2021-09-19,7.731601238250732,2021-09-19SBD,SBD
2021-09-20,6.838785171508789,2021-09-20SBD,SBD
2021-09-21,6.034955024719238,2021-09-21SBD,SBD
2021-09-22,6.636683940887451,2021-09-22SBD,SBD
2021-09-23,6.698863983154297,2021-09-23SBD,SBD
2021-09-24,6.421747207641602,2021-09-24SBD,SBD
2021-09-25,6.413602828979492,2021-09-25SBD,SBD
2021-09-26,6.350461006164551,2021-09-26SBD,SBD
2021-09-27,6.237873077392578,2021-09-27SBD,SBD
2021-09-28,5.955465793609619,2021-09-28SBD,SBD
2021-09-29,6.024653911590576,2021-09-29SBD,SBD
2021-09-30,6.461287021636963,2021-09-30SBD,SBD
2021-10-01,6.9587721824646,2021-10-01SBD,SBD
2021-10-02,7.111272811889648,2021-10-02SBD,SBD
2021-10-03,7.20989990234375,2021-10-03SBD,SBD
2021-10-04,7.091156959533691,2021-10-04SBD,SBD
2021-10-05,7.267886161804199,2021-10-05SBD,SBD
2021-10-06,7.511581897735596,2021-10-06SBD,SBD
2021-10-07,7.802628040313721,2021-10-07SBD,SBD
2021-10-08,8.235791206359863,2021-10-08SBD,SBD
2021-10-09,7.7804460525512695,2021-10-09SBD,SBD
2021-10-10,7.972644805908203,2021-10-10SBD,SBD
2021-10-11,7.771979808807373,2021-10-11SBD,SBD
2021-10-12,7.41269588470459,2021-10-12SBD,SBD
2021-10-13,7.713339805603027,2021-10-13SBD,SBD
2021-10-14,7.718369007110596,2021-10-14SBD,SBD
2021-10-15,7.223694801330566,2021-10-15SBD,SBD
2021-10-16,7.232977867126465,2021-10-16SBD,SBD
2021-10-17,7.173598766326904,2021-10-17SBD,SBD
2021-10-18,6.962069034576416,2021-10-18SBD,SBD
2021-10-19,7.314763069152832,2021-10-19SBD,SBD
2021-10-20,7.284653186798096,2021-10-20SBD,SBD
2021-10-21,7.200039863586426,2021-10-21SBD,SBD
2021-10-22,7.426360130310059,2021-10-22SBD,SBD
2021-10-23,7.962439060211182,2021-10-23SBD,SBD
2021-10-24,7.417970180511475,2021-10-24SBD,SBD
2021-10-25,7.572690010070801,2021-10-25SBD,SBD
2021-10-26,7.408205986022949,2021-10-26SBD,SBD
2021-10-27,6.828262805938721,2021-10-27SBD,SBD
2021-10-28,7.083028793334961,2021-10-28SBD,SBD
2021-10-29,7.202340126037598,2021-10-29SBD,SBD
2021-10-30,7.214698791503906,2021-10-30SBD,SBD
2021-10-31,7.376829147338867,2021-10-31SBD,SBD
2021-11-01,7.276655197143555,2021-11-01SBD,SBD
2021-11-02,7.3661580085754395,2021-11-02SBD,SBD
2021-11-03,7.3600850105285645,2021-11-03SBD,SBD
2021-11-04,7.504581928253174,2021-11-04SBD,SBD
2021-11-05,7.540188789367676,2021-11-05SBD,SBD
2021-11-06,7.477595806121826,2021-11-06SBD,SBD
2021-11-07,7.565298080444336,2021-11-07SBD,SBD
2021-11-08,7.470264911651611,2021-11-08SBD,SBD
2021-11-09,7.5178351402282715,2021-11-09SBD,SBD
2021-11-10,7.226525783538818,2021-11-10SBD,SBD
2021-11-11,7.278963088989258,2021-11-11SBD,SBD
2021-11-12,7.211790084838867,2021-11-12SBD,SBD
2021-11-13,7.286959171295166,2021-11-13SBD,SBD
2021-11-14,7.258667945861816,2021-11-14SBD,SBD
2021-11-15,7.443117141723633,2021-11-15SBD,SBD
2021-11-16,7.199163913726807,2021-11-16SBD,SBD
2021-11-17,7.4773101806640625,2021-11-17SBD,SBD
2021-11-18,7.028479099273682,2021-11-18SBD,SBD
2021-11-19,7.131612777709961,2021-11-19SBD,SBD
2021-11-20,7.282520771026611,2021-11-20SBD,SBD
2021-11-21,7.2911248207092285,2021-11-21SBD,SBD
2021-11-22,7.093008995056152,2021-11-22SBD,SBD
2021-11-23,7.159183025360107,2021-11-23SBD,SBD
2021-11-24,7.097994804382324,2021-11-24SBD,SBD
2021-11-25,7.117753982543945,2021-11-25SBD,SBD
2021-11-26,6.973843097686768,2021-11-26SBD,SBD
2021-11-27,7.140666961669922,2021-11-27SBD,SBD
2021-11-28,7.121036052703857,2021-11-28SBD,SBD
2021-11-29,7.115300178527832,2021-11-29SBD,SBD
2021-11-30,7.328264236450195,2021-11-30SBD,SBD
2021-12-01,7.2440690994262695,2021-12-01SBD,SBD
2021-12-02,7.2555952072143555,2021-12-02SBD,SBD
2021-12-03,7.070448875427246,2021-12-03SBD,SBD
2021-12-04,6.208893775939941,2021-12-04SBD,SBD
2021-12-05,5.9579291343688965,2021-12-05SBD,SBD
2021-12-06,6.122917175292969,2021-12-06SBD,SBD
2021-12-07,6.329640865325928,2021-12-07SBD,SBD
2021-12-08,6.318559169769287,2021-12-08SBD,SBD
2021-12-09,5.918919086456299,2021-12-09SBD,SBD
2021-12-10,5.837597846984863,2021-12-10SBD,SBD
2021-12-11,5.937337875366211,2021-12-11SBD,SBD
2021-12-12,5.833806037902832,2021-12-12SBD,SBD
2021-12-13,5.256040096282959,2021-12-13SBD,SBD
2021-12-14,5.1533050537109375,2021-12-14SBD,SBD
2021-12-15,5.453563213348389,2021-12-15SBD,SBD
2021-12-16,5.3485798835754395,2021-12-16SBD,SBD
2021-12-17,5.361601829528809,2021-12-17SBD,SBD
2021-12-18,5.411937236785889,2021-12-18SBD,SBD
2021-12-19,5.412017822265625,2021-12-19SBD,SBD
2021-12-20,5.204707145690918,2021-12-20SBD,SBD
2021-12-21,5.286733150482178,2021-12-21SBD,SBD
2021-12-22,5.437755107879639,2021-12-22SBD,SBD
2021-12-23,5.680406093597412,2021-12-23SBD,SBD
2021-12-24,5.639987945556641,2021-12-24SBD,SBD
2021-12-25,5.6864237785339355,2021-12-25SBD,SBD
2021-12-26,5.8539509773254395,2021-12-26SBD,SBD
2021-12-27,5.775631904602051,2021-12-27SBD,SBD
2021-12-28,5.383113861083984,2021-12-28SBD,SBD
2021-12-29,5.182781219482422,2021-12-29SBD,SBD
2021-12-30,5.33631706237793,2021-12-30SBD,SBD
2021-12-31,5.335363864898682,2021-12-31SBD,SBD
2022-01-01,5.484140872955322,2022-01-01SBD,SBD
2022-01-02,5.6942901611328125,2022-01-02SBD,SBD
2022-01-03,5.614696025848389,2022-01-03SBD,SBD
2022-01-04,5.444204807281494,2022-01-04SBD,SBD
2022-01-05,4.950310230255127,2022-01-05SBD,SBD
2022-01-06,4.903944969177246,2022-01-06SBD,SBD
2022-01-07,4.9220709800720215,2022-01-07SBD,SBD
2022-01-08,4.913475036621094,2022-01-08SBD,SBD
2022-01-09,4.942962169647217,2022-01-09SBD,SBD
2022-01-10,5.028505802154541,2022-01-10SBD,SBD
2022-01-11,4.615900039672852,2022-01-11SBD,SBD
2022-01-12,4.790452003479004,2022-01-12SBD,SBD
2022-01-13,4.741720199584961,2022-01-13SBD,SBD
2022-01-14,4.939838886260986,2022-01-14SBD,SBD
2022-01-15,4.969411849975586,2022-01-15SBD,SBD
2022-01-16,4.973659038543701,2022-01-16SBD,SBD
2022-01-17,4.848808765411377,2022-01-17SBD,SBD
2022-01-18,4.722238063812256,2022-01-18SBD,SBD
2022-01-19,4.670176029205322,2022-01-19SBD,SBD
2022-01-20,4.581565856933594,2022-01-20SBD,SBD
2022-01-21,4.194300174713135,2022-01-21SBD,SBD
2022-01-22,3.936711072921753,2022-01-22SBD,SBD
2022-01-23,4.075133800506592,2022-01-23SBD,SBD
2022-01-24,3.941159963607788,2022-01-24SBD,SBD
2022-01-25,3.8807320594787598,2022-01-25SBD,SBD
2022-01-26,4.012159824371338,2022-01-26SBD,SBD
2022-01-27,4.023678779602051,2022-01-27SBD,SBD
2022-01-28,4.094922065734863,2022-01-28SBD,SBD
2022-01-29,4.22789192199707,2022-01-29SBD,SBD
2022-01-30,4.385301113128662,2022-01-30SBD,SBD
2022-01-31,4.25303316116333,2022-01-31SBD,SBD
2022-02-01,4.318037986755371,2022-02-01SBD,SBD
2022-02-02,4.3916449546813965,2022-02-02SBD,SBD
2022-02-03,4.465508937835693,2022-02-03SBD,SBD
2022-02-04,4.672301769256592,2022-02-04SBD,SBD
2022-02-05,4.873195171356201,2022-02-05SBD,SBD
2022-02-06,4.852333068847656,2022-02-06SBD,SBD
2022-02-07,4.968246936798096,2022-02-07SBD,SBD
2022-02-08,4.8289618492126465,2022-02-08SBD,SBD
2022-02-09,4.840158939361572,2022-02-09SBD,SBD
2022-02-10,4.6588311195373535,2022-02-10SBD,SBD
2022-02-11,4.567441940307617,2022-02-11SBD,SBD
2022-02-12,4.500769138336182,2022-02-12SBD,SBD
2022-02-13,4.671607971191406,2022-02-13SBD,SBD
2022-02-14,4.538634300231934,2022-02-14SBD,SBD
