Date,Close,High,Low,Open,Volume
2017-11-09,6.574619770050049,11325700.0
2017-11-10,6.190279960632324,13493300.0
2017-11-11,5.268740177154541,9281590.0
2017-11-12,5.223470211029053,9364360.0
2017-11-13,4.497859954833984,8365780.0
2017-11-14,5.219709873199463,6319000.0
2017-11-15,5.277830123901367,6528410.0
2017-11-16,5.196189880371094,7616310.0
2017-11-17,4.706630229949951,8662410.0
2017-11-18,4.732830047607422,14891000.0
2017-11-19,5.04925012588501,17371700.0
2017-11-20,4.911069869995117,16891000.0
2017-11-21,4.996150016784668,12881900.0
2017-11-22,4.735420227050781,13278400.0
2017-11-23,4.660160064697266,11358300.0
2017-11-24,4.358980178833008,14558200.0
2017-11-25,4.8326802253723145,14023000.0
2017-11-26,5.184289932250977,11046800.0
2017-11-27,5.198599815368652,31274700.0
2017-11-28,6.452229976654053,18013900.0
2017-11-29,5.6213297843933105,10911200.0
2017-11-30,5.188079833984375,13012100.0
2017-12-01,6.7811198234558105,20934400.0
2017-12-02,8.283129692077637,19238100.0
2017-12-03,9.677789688110352,26299700.0
2017-12-04,9.355380058288574,13118600.0
2017-12-05,9.21006965637207,14947700.0
2017-12-06,9.267680168151855,19600000.0
2017-12-07,8.356430053710938,17201500.0
2017-12-08,7.5931501388549805,24314400.0
2017-12-09,8.669360160827637,17621900.0
2017-12-10,8.09453010559082,11443400.0
2017-12-11,6.998990058898926,12740900.0
2017-12-12,7.206699848175049,19057700.0
2017-12-13,7.2731499671936035,15391700.0
2017-12-14,7.276050090789795,16553300.0
2017-12-15,8.072380065917969,14490000.0
2017-12-16,8.08810043334961,12427100.0
2017-12-17,8.79971981048584,23229200.0
2017-12-18,10.574700355529785,17488000.0
2017-12-19,12.274299621582031,11175900.0
2017-12-20,12.05270004272461,49304200.0
2017-12-21,17.026399612426758,32328500.0
2017-12-22,16.481300354003906,15930700.0
2017-12-23,13.141900062561035,14593400.0
2017-12-24,15.356599807739258,16113800.0
2017-12-25,13.677300453186035,20780700.0
2017-12-26,12.728899955749512,19032500.0
2017-12-27,11.411499977111816,14221200.0
2017-12-28,11.594400405883789,17328600.0
2017-12-29,12.031700134277344,23031900.0
2017-12-30,11.307100296020508,19622800.0
2017-12-31,10.260600090026855,22289500.0
2018-01-01,11.378700256347656,27012000.0
2018-01-02,11.379400253295898,31560000.0
2018-01-03,11.60420036315918,32263600.0
2018-01-04,10.862799644470215,25815500.0
2018-01-05,9.722530364990234,30884700.0
2018-01-06,9.910360336303711,62498100.0
2018-01-07,16.131000518798828,47556700.0
2018-01-08,16.35610008239746,32463700.0
2018-01-09,15.012499809265137,28357200.0
2018-01-10,14.468799591064453,62152000.0
2018-01-11,17.151199340820312,26736100.0
2018-01-12,15.23960018157959,85084304.0
2018-01-13,23.547399520874023,325576000.0
2018-01-14,28.946699142456055,90227296.0
2018-01-15,25.640199661254883,50917800.0
2018-01-16,23.557300567626953,59669700.0
2018-01-17,19.27720069885254,46581400.0
2018-01-18,19.188800811767578,55600600.0
2018-01-19,21.620500564575195,41197800.0
2018-01-20,22.64430046081543,49287800.0
2018-01-21,26.892799377441406,65992800.0
2018-01-22,28.3164005279541,57289000.0
2018-01-23,28.81209945678711,80665696.0
2018-01-24,30.023099899291992,115482000.0
2018-01-25,36.86159896850586,43290700.0
2018-01-26,33.048301696777344,62688700.0
2018-01-27,38.35219955444336,95696000.0
2018-01-28,42.10329818725586,119525000.0
2018-01-29,39.85340118408203,62793700.0
2018-01-30,37.82619857788086,40530500.0
2018-01-31,32.34989929199219,15983900.0
2018-02-01,32.267799377441406,20079600.0
2018-02-02,27.472400665283203,22530900.0
2018-02-03,24.899799346923828,21908800.0
2018-02-04,28.220800399780273,16479100.0
2018-02-05,23.34939956665039,16172000.0
2018-02-06,17.7096004486084,21608300.0
2018-02-07,22.70439910888672,15012200.0
2018-02-08,20.15220069885254,16211700.0
2018-02-09,22.672500610351562,1181550.0
2018-02-10,24.677400588989258,14413000.0
2018-02-11,22.25950050354004,6364060.0
2018-02-12,20.430200576782227,7053040.0
2018-02-13,22.390399932861328,5591530.0
2018-02-14,21.32990074157715,9998060.0
2018-02-15,23.775999069213867,17722800.0
2018-02-16,27.7716007232666,12009500.0
2018-02-17,26.982099533081055,9897960.0
2018-02-18,26.714599609375,7406650.0
2018-02-19,24.00189971923828,7885530.0
2018-02-20,25.38960075378418,13582000.0
2018-02-21,23.165800094604492,6966240.0
2018-02-22,21.051599502563477,9813410.0
2018-02-23,20.286800384521484,4823950.0
2018-02-24,21.175199508666992,5162820.0
2018-02-25,21.453699111938477,8519400.0
2018-02-26,22.11989974975586,9737710.0
2018-02-27,21.805200576782227,6375800.0
2018-02-28,22.258699417114258,21485200.0
2018-03-01,18.603500366210938,23994500.0
2018-03-02,18.674699783325195,20874500.0
2018-03-03,19.88960075378418,16624800.0
2018-03-04,19.250499725341797,13728600.0
2018-03-05,18.6968994140625,14493100.0
2018-03-06,20.29450035095215,89312496.0
2018-03-07,25.128700256347656,49911600.0
2018-03-08,18.583599090576172,11567900.0
2018-03-09,15.650400161743164,10970900.0
2018-03-10,16.289400100708008,7542830.0
2018-03-11,15.038000106811523,11506800.0
2018-03-12,16.869600296020508,8972400.0
2018-03-13,15.43589973449707,7763470.0
2018-03-14,15.435500144958496,7111590.0
2018-03-15,13.366900444030762,5762170.0
2018-03-16,12.801600456237793,5058330.0
2018-03-17,13.281999588012695,5274790.0
2018-03-18,11.604100227355957,5408010.0
2018-03-19,12.220499992370605,5410120.0
2018-03-20,12.742199897766113,5938950.0
2018-03-21,14.111800193786621,4889040.0
2018-03-22,13.972700119018555,3331940.0
2018-03-23,12.792900085449219,4882000.0
2018-03-24,13.663900375366211,3960270.0
2018-03-25,12.451600074768066,7774750.0
2018-03-26,13.935500144958496,5680870.0
2018-03-27,13.062999725341797,6162720.0
2018-03-28,13.43529987335205,3619230.0
2018-03-29,13.05519962310791,3675060.0
2018-03-30,10.726400375366211,2668260.0
2018-03-31,10.353500366210938,5137620.0
2018-04-01,10.141599655151367,4047720.0
2018-04-02,9.479009628295898,3306500.0
2018-04-03,10.04699993133545,10236500.0
2018-04-04,10.64680004119873,3484140.0
2018-04-05,9.34496021270752,3865710.0
2018-04-06,8.652629852294922,2270630.0
2018-04-07,8.259550094604492,2249460.0
2018-04-08,8.567219734191895,1482700.0
2018-04-09,8.731829643249512,2784420.0
2018-04-10,8.442970275878906,1876590.0
2018-04-11,8.63720989227295,10984300.0
2018-04-12,10.123700141906738,7219550.0
2018-04-13,10.949999809265137,6066510.0
2018-04-14,10.765800476074219,2493030.0
2018-04-15,10.85789966583252,3019760.0
2018-04-16,11.047599792480469,2967430.0
2018-04-17,10.552900314331055,12695300.0
2018-04-18,10.82450008392334,5142380.0
2018-04-19,11.876199722290039,6205040.0
2018-04-20,12.504400253295898,5481600.0
2018-04-21,13.098999977111816,4280920.0
2018-04-22,12.305100440979004,3864480.0
2018-04-23,12.840499877929688,9945560.0
2018-04-24,14.034199714660645,7693200.0
2018-04-25,14.592900276184082,5453600.0
2018-04-26,12.524999618530273,4894640.0
2018-04-27,14.028200149536133,8440570.0
2018-04-28,14.604900360107422,11520400.0
2018-04-29,16.319299697875977,7399530.0
2018-04-30,16.536699295043945,7132730.0
2018-05-01,15.475899696350098,4789020.0
2018-05-02,15.391200065612793,4294410.0
2018-05-03,15.563899993896484,13290200.0
2018-05-04,16.757099151611328,14582700.0
2018-05-05,17.37779998779297,6633660.0
2018-05-06,16.778400421142578,3675740.0
2018-05-07,15.837400436401367,7477610.0
2018-05-08,14.849100112915039,10806400.0
2018-05-09,14.388999938964844,11739400.0
2018-05-10,15.113100051879883,9918630.0
2018-05-11,14.131999969482422,9981870.0
2018-05-12,11.933300018310547,8343540.0
2018-05-13,12.984100341796875,7533780.0
2018-05-14,13.2947998046875,9545850.0
2018-05-15,13.222200393676758,9067980.0
2018-05-16,12.76140022277832,6957490.0
2018-05-17,12.197799682617188,7012600.0
2018-05-18,11.3858003616333,6828560.0
2018-05-19,12.037699699401855,6195530.0
2018-05-20,11.702300071716309,6379760.0
2018-05-21,12.459600448608398,15251800.0
2018-05-22,12.743200302124023,7562150.0
2018-05-23,11.080100059509277,6430100.0
2018-05-24,10.122400283813477,6767570.0
2018-05-25,11.048299789428711,6368090.0
2018-05-26,10.788200378417969,5273640.0
2018-05-27,10.8056001663208,6253510.0
2018-05-28,10.981499671936035,5701070.0
2018-05-29,10.061800003051758,6741090.0
2018-05-30,11.256400108337402,5810380.0
2018-05-31,10.848199844360352,6048700.0
2018-06-01,11.212200164794922,6953840.0
2018-06-02,11.198800086975098,6557570.0
2018-06-03,11.357399940490723,6029040.0
2018-06-04,11.729000091552734,5530770.0
2018-06-05,10.938199996948242,11559900.0
2018-06-06,12.122900009155273,11264200.0
2018-06-07,12.90999984741211,10161700.0
2018-06-08,12.027099609375,7575140.0
2018-06-09,11.95479965209961,6017220.0
2018-06-10,11.41189956665039,6314700.0
2018-06-11,9.82979965209961,5484140.0
2018-06-12,9.919650077819824,5765830.0
2018-06-13,8.929949760437012,5318850.0
2018-06-14,8.110919952392578,4980470.0
2018-06-15,9.15071964263916,7037030.0
2018-06-16,8.390549659729004,5350170.0
2018-06-17,8.353409767150879,4704960.0
2018-06-18,8.419300079345703,5520450.0
2018-06-19,8.695480346679688,5939920.0
2018-06-20,8.62343978881836,5820680.0
2018-06-21,8.43945026397705,5498710.0
2018-06-22,8.02239990234375,5861630.0
2018-06-23,6.971549987792969,4074710.0
2018-06-24,6.924320220947266,6549720.0
2018-06-25,6.565849781036377,6357780.0
2018-06-26,6.663380146026611,4629580.0
2018-06-27,6.053229808807373,4611810.0
2018-06-28,5.972080230712891,3958650.0
2018-06-29,5.593540191650391,5686210.0
2018-06-30,6.28931999206543,4531860.0
2018-07-01,6.572090148925781,4961060.0
2018-07-02,6.574540138244629,6967970.0
2018-07-03,7.2600998878479,6244390.0
2018-07-04,6.673590183258057,5206790.0
2018-07-05,6.94920015335083,7733900.0
2018-07-06,6.919899940490723,5850720.0
2018-07-07,7.100399971008301,5494810.0
2018-07-08,7.34119987487793,5866920.0
2018-07-09,7.210110187530518,7564220.0
2018-07-10,7.038340091705322,5074480.0
2018-07-11,6.428120136260986,7750190.0
2018-07-12,7.152629852294922,10016600.0
2018-07-13,6.619269847869873,17860700.0
2018-07-14,6.685369968414307,7993830.0
2018-07-15,6.388160228729248,6649590.0
2018-07-16,6.423709869384766,16438000.0
2018-07-17,7.100500106811523,19162200.0
2018-07-18,7.644710063934326,42454400.0
2018-07-19,7.0947699546813965,44078300.0
2018-07-20,6.9753098487854,17416800.0
2018-07-21,6.3805999755859375,6612750.0
2018-07-22,6.485169887542725,5405750.0
2018-07-23,6.295629978179932,5678940.0
2018-07-24,5.844359874725342,7101840.0
2018-07-25,5.734179973602295,6844830.0
2018-07-26,5.961050033569336,5877020.0
2018-07-27,5.649209976196289,6749380.0
2018-07-28,6.1574201583862305,7470680.0
2018-07-29,6.0546698570251465,8574240.0
2018-07-30,5.8069000244140625,5822350.0
2018-07-31,5.613840103149414,5147390.0
2018-08-01,4.873459815979004,4703680.0
2018-08-02,4.631619930267334,6114800.0
2018-08-03,4.0452399253845215,6037170.0
2018-08-04,4.079699993133545,3508910.0
2018-08-05,3.6389000415802,3074240.0
2018-08-06,3.7303099632263184,2884200.0
2018-08-07,3.534559965133667,3816840.0
2018-08-08,3.2829999923706055,4034650.0
2018-08-09,2.814239978790283,3515990.0
2018-08-10,3.0360798835754395,3384070.0
2018-08-11,2.7093100547790527,3319390.0
2018-08-12,2.6399900913238525,3442060.0
2018-08-13,2.660599946975708,3312920.0
2018-08-14,2.313770055770874,3213140.0
2018-08-15,2.153209924697876,3765770.0
2018-08-16,2.074130058288574,4025390.0
2018-08-17,2.2828900814056396,6341440.0
2018-08-18,2.873879909515381,5037680.0
2018-08-19,2.696239948272705,4463870.0
2018-08-20,2.7754600048065186,3713870.0
2018-08-21,2.5418701171875,3499090.0
2018-08-22,2.8867299556732178,5903960.0
2018-08-23,2.850990056991577,7888020.0
2018-08-24,3.513629913330078,7860960.0
2018-08-25,3.321000099182129,8254790.0
2018-08-26,3.8381600379943848,10360900.0
2018-08-27,4.29502010345459,8362080.0
2018-08-28,4.04302978515625,7926740.0
2018-08-29,4.130799770355225,6044620.0
2018-08-30,4.119450092315674,10598000.0
2018-08-31,4.666590213775635,25309700.0
2018-09-01,4.755859851837158,11599000.0
2018-09-02,4.8751301765441895,9138260.0
2018-09-03,4.5490899085998535,11751300.0
2018-09-04,4.766900062561035,17916500.0
2018-09-05,4.991610050201416,10986000.0
2018-09-06,3.91048002243042,8067540.0
2018-09-07,4.029489994049072,6908140.0
2018-09-08,3.9439399242401123,7140140.0
2018-09-09,3.5436201095581055,6088070.0
2018-09-10,3.478149890899658,5982090.0
2018-09-11,3.341789960861206,6603250.0
2018-09-12,3.1143300533294678,4296210.0
2018-09-13,3.0277299880981445,6417940.0
2018-09-14,3.203389883041382,5292020.0
2018-09-15,3.00888991355896,7219330.0
2018-09-16,3.1654000282287598,7018300.0
2018-09-17,3.3128299713134766,13360500.0
2018-09-18,3.0581300258636475,7467710.0
2018-09-19,3.1159000396728516,5368440.0
2018-09-20,2.986370086669922,6259280.0
2018-09-21,3.0832200050354004,12880400.0
2018-09-22,3.1540699005126953,5837260.0
2018-09-23,3.0131099224090576,3599850.0
2018-09-24,3.090059995651245,5347770.0
2018-09-25,2.876460075378418,6352570.0
2018-09-26,2.821549892425537,6874270.0
2018-09-27,2.8373100757598877,4442290.0
2018-09-28,2.918600082397461,3364550.0
2018-09-29,2.865139961242676,3007520.0
2018-09-30,2.9055800437927246,3473220.0
2018-10-01,2.9730401039123535,6116690.0
2018-10-02,2.92864990234375,6670260.0
2018-10-03,2.94992995262146,8490350.0
2018-10-04,2.788209915161133,7937560.0
2018-10-05,2.800230026245117,9460190.0
2018-10-06,2.8862199783325195,10110300.0
2018-10-07,2.9435698986053467,7688390.0
2018-10-08,2.9095699787139893,6459610.0
2018-10-09,3.1326498985290527,19138300.0
2018-10-10,3.434950113296509,10683400.0
2018-10-11,3.200239896774292,9994620.0
2018-10-12,2.6312899589538574,10596600.0
2018-10-13,2.74249005317688,13371100.0
2018-10-14,2.813159942626953,12781700.0
2018-10-15,2.724560022354126,17756300.0
2018-10-16,2.9340898990631104,1321880.0
2018-10-17,2.8968100547790527,2134630.0
2018-10-18,2.984679937362671,4152750.0
2018-10-19,2.9568400382995605,17324000.0
2018-10-20,3.0166099071502686,13490000.0
2018-10-21,2.9365999698638916,13835000.0
2018-10-22,2.9161601066589355,16481600.0
2018-10-23,3.0049400329589844,17904700.0
2018-10-24,3.0833699703216553,18515800.0
2018-10-25,3.070539951324463,20547400.0
2018-10-26,3.0420899391174316,20908200.0
2018-10-27,3.242340087890625,11179100.0
2018-10-28,3.1718599796295166,12343600.0
2018-10-29,3.230720043182373,7060050.0
2018-10-30,3.3341801166534424,15591400.0
2018-10-31,3.325540065765381,8693500.0
2018-11-01,3.247879981994629,11884400.0
2018-11-02,3.3566501140594482,14063100.0
2018-11-03,3.315229892730713,10101700.0
2018-11-04,3.317660093307495,10342400.0
2018-11-05,3.359499931335449,2795260.0
2018-11-06,3.1091299057006836,9878550.0
2018-11-07,3.137510061264038,12355200.0
2018-11-08,3.11857008934021,11662000.0
2018-11-09,3.0290000438690186,12456100.0
2018-11-10,2.98363995552063,13848900.0
2018-11-11,3.013890027999878,13759700.0
2018-11-12,3.0397698879241943,11530300.0
2018-11-13,2.8570499420166016,11901100.0
2018-11-14,2.762389898300171,12389000.0
2018-11-15,2.2743899822235107,10922900.0
2018-11-16,2.16690993309021,11477000.0
2018-11-17,2.0854198932647705,11141000.0
2018-11-18,2.075939893722534,10976400.0
2018-11-19,2.0958099365234375,10484600.0
2018-11-20,1.752869963645935,9576480.0
2018-11-21,1.4398000240325928,9888540.0
2018-11-22,1.4510899782180786,9085540.0
2018-11-23,1.4050899744033813,8656900.0
2018-11-24,1.3717600107192993,8665420.0
2018-11-25,1.1427299976348877,8477540.0
2018-11-26,1.1663999557495117,7685530.0
2018-11-27,1.085510015487671,5396210.0
2018-11-28,1.1150000095367432,5713580.0
2018-11-29,1.2640130519866943,6198358.0
2018-11-30,1.3332420587539673,6661659.0
2018-12-01,1.1705750226974487,6315541.0
2018-12-02,1.2463639974594116,5470841.0
2018-12-03,1.233124017715454,4790636.0
2018-12-04,1.1311769485473633,3561801.0
2018-12-05,1.160891056060791,4819374.0
2018-12-06,1.138558030128479,1682500.0
2018-12-07,0.977865993976593,3172574.0
2018-12-08,0.9764410257339478,3239923.0
2018-12-09,0.9287520051002502,3986287.0
2018-12-10,0.9674829840660095,3836979.0
2018-12-11,0.9352229833602905,3232494.0
2018-12-12,0.9186429977416992,3083604.0
2018-12-13,0.9439839720726013,3137908.0
2018-12-14,0.899383008480072,4016832.0
2018-12-15,0.8873670101165771,2498660.0
2018-12-16,0.9143059849739075,3258796.0
2018-12-17,0.906603991985321,3852271.0
2018-12-18,1.0110939741134644,4911018.0
2018-12-19,1.0647469758987427,6464354.0
2018-12-20,1.0879600048065186,5470699.0
2018-12-21,1.2120579481124878,4346483.0
2018-12-22,1.1269910335540771,4014321.0
2018-12-23,1.1895480155944824,4339234.0
2018-12-24,1.2238190174102783,5626029.0
2018-12-25,1.369128942489624,4833130.0
2018-12-26,1.198261022567749,2750046.0
2018-12-27,1.1841460466384888,3201689.0
2018-12-28,1.0573630332946777,3007140.0
2018-12-29,1.234740972518921,2830364.0
2018-12-30,1.133147954940796,3802952.0
2018-12-31,1.2214629650115967,2478257.0
2019-01-01,1.1296119689941406,1772697.0
2019-01-02,1.1473690271377563,2398198.0
2019-01-03,1.1767820119857788,1903110.0
2019-01-04,1.1376349925994873,2945678.0
2019-01-05,1.141888976097107,2329007.0
2019-01-06,1.1501539945602417,2897187.0
2019-01-07,1.2343779802322388,4330652.0
2019-01-08,1.2440069913864136,1560781.0
2019-01-09,1.2519810199737549,1793407.0
2019-01-10,1.2768219709396362,1764983.0
2019-01-11,1.0755939483642578,936571.0
2019-01-12,1.0704410076141357,1620010.0
2019-01-13,1.1118149757385254,1431067.0
2019-01-14,1.0576239824295044,1491435.0
2019-01-15,1.1317880153656006,1855856.0
2019-01-16,1.153272032737732,4281429.0
2019-01-17,1.2795130014419556,2710336.0
2019-01-18,1.2251739501953125,1730118.0
2019-01-19,1.150428056716919,1552903.0
2019-01-20,1.2294189929962158,1579713.0
2019-01-21,1.1337610483169556,911083.0
2019-01-22,1.11245596408844,1318085.0
2019-01-23,1.142683982849121,1293836.0
2019-01-24,1.0944349765777588,922317.0
2019-01-25,1.102789044380188,1492718.0
2019-01-26,1.1292870044708252,810569.0
2019-01-27,1.119871973991394,1077441.0
2019-01-28,1.06318199634552,1365722.0
2019-01-29,1.0161750316619873,881529.0
2019-01-30,0.9938399791717529,619456.0
2019-01-31,0.9971590042114258,908301.0
2019-02-01,0.9255970120429993,623428.0
2019-02-02,0.9424579739570618,404433.0
2019-02-03,0.9529250264167786,335196.0
2019-02-04,0.9202190041542053,1500043.0
2019-02-05,0.9572349786758423,1453385.0
2019-02-06,0.9707980155944824,1409243.0
2019-02-07,0.9330649971961975,1365053.0
2019-02-08,0.9223489761352539,2734827.0
2019-02-09,1.0032860040664673,2046269.0
2019-02-10,1.014917016029358,1289576.0
2019-02-11,1.030357003211975,1875896.0
2019-02-12,1.0164480209350586,2566444.0
2019-02-13,1.0153080224990845,2649088.0
2019-02-14,1.0078990459442139,1453165.0
2019-02-15,0.9830930233001709,776796.0
2019-02-16,0.9986950159072876,438774.0
2019-02-17,0.9920989871025085,517427.0
2019-02-18,1.0159239768981934,3907204.0
2019-02-19,1.1239500045776367,2796133.0
2019-02-20,1.1033519506454468,2743340.0
2019-02-21,1.1342060565948486,2162676.0
2019-02-22,1.0748300552368164,2730881.0
2019-02-23,1.0780110359191895,3326605.0
2019-02-24,1.1262010335922241,2321422.0
2019-02-25,1.0154949426651,2125803.0
2019-02-26,1.0377180576324463,3097488.0
2019-02-27,1.0834250450134277,2490620.0
2019-02-28,1.0627739429473877,2353862.0
2019-03-01,1.0957809686660767,2706051.0
2019-03-02,1.1210789680480957,2819626.0
2019-03-03,1.1161370277404785,3784678.0
2019-03-04,1.1887099742889404,3131910.0
2019-03-05,1.0648820400238037,2208851.0
2019-03-06,1.1058369874954224,2325989.0
2019-03-07,1.1179920434951782,2446853.0
2019-03-08,1.1317329406738281,2418497.0
2019-03-09,1.1142569780349731,2660110.0
2019-03-10,1.186357021331787,3023599.0
2019-03-11,1.1906059980392456,3430447.0
2019-03-12,1.196921944618225,3723712.0
2019-03-13,1.2744330167770386,4807946.0
2019-03-14,1.2724469900131226,3569317.0
2019-03-15,1.2467260360717773,3517766.0
2019-03-16,1.304460048675537,4509676.0
2019-03-17,1.3724709749221802,3362987.0
2019-03-18,1.3236989974975586,3390648.0
2019-03-19,1.2780770063400269,3190295.0
2019-03-20,1.2969180345535278,2902622.0
2019-03-21,1.2998310327529907,4276014.0
2019-03-22,1.2557719945907593,3267442.0
2019-03-23,1.24372398853302,3147708.0
2019-03-24,1.2626620531082153,2891871.0
2019-03-25,1.2565020322799683,3833763.0
2019-03-26,1.2106289863586426,4555907.0
2019-03-27,1.3012009859085083,6355659.0
2019-03-28,1.3479809761047363,12793901.0
2019-03-29,1.521826982498169,5698508.0
2019-03-30,1.488245964050293,7297068.0
2019-03-31,1.6136349439620972,7994070.0
2019-04-01,1.6487209796905518,12105682.0
2019-04-02,1.9198579788208008,16524018.0
2019-04-03,1.9854979515075684,8995006.0
2019-04-04,1.9450739622116089,6250974.0
2019-04-05,2.021312952041626,6170720.0
2019-04-06,2.132214069366455,11660880.0
2019-04-07,2.2462360858917236,9106907.0
2019-04-08,2.287662982940674,6654765.0
2019-04-09,2.226486921310425,7314090.0
2019-04-10,2.114630937576294,7260659.0
2019-04-11,2.1041319370269775,6532984.0
2019-04-12,1.9950050115585327,7054913.0
2019-04-13,2.0940680503845215,10255569.0
2019-04-14,2.156158924102783,7431839.0
2019-04-15,2.1731860637664795,9030008.0
2019-04-16,2.068068027496338,7627133.0
2019-04-17,2.160198926925659,7713988.0
2019-04-18,2.201432943344116,9277205.0
2019-04-19,2.309493064880371,14232886.0
2019-04-20,2.5255510807037354,13041312.0
2019-04-21,2.733767032623291,9109148.0
2019-04-22,2.576432943344116,5228351.0
2019-04-23,2.5662310123443604,5517843.0
2019-04-24,2.4828860759735107,7356866.0
2019-04-25,2.3614680767059326,4642136.0
2019-04-26,2.158379077911377,4766071.0
2019-04-27,2.0967459678649902,4712854.0
2019-04-28,2.1537089347839355,3501133.0
2019-04-29,2.0616331100463867,3788628.0
2019-04-30,1.9766680002212524,3486416.0
2019-05-01,2.1535279750823975,2381952.0
2019-05-02,2.1356730461120605,2866927.0
2019-05-03,2.1193180084228516,4680641.0
2019-05-04,2.1247880458831787,4218405.0
2019-05-05,2.0502450466156006,4057828.0
2019-05-06,1.9854580163955688,4781191.0
2019-05-07,2.0435049533843994,4834689.0
2019-05-08,1.8677690029144287,3647983.0
2019-05-09,1.8037110567092896,3851618.0
2019-05-10,1.6712720394134521,5232885.0
2019-05-11,1.881085991859436,5523362.0
2019-05-12,1.9603099822998047,4540406.0
2019-05-13,1.923617959022522,8966790.0
2019-05-14,2.1497011184692383,6295744.0
2019-05-15,2.1274590492248535,4856816.0
2019-05-16,2.3991119861602783,7423368.0
2019-05-17,2.220050096511841,38408529.0
2019-05-18,2.269300937652588,24826609.0
2019-05-19,2.183777093887329,22432942.0
2019-05-20,2.245513916015625,13879452.0
2019-05-21,2.1970789432525635,5677336.0
2019-05-22,2.3136401176452637,6312564.0
2019-05-23,2.1948020458221436,5034856.0
2019-05-24,2.2065670490264893,6487783.0
2019-05-25,2.192115068435669,7187304.0
2019-05-26,2.2593729496002197,8090686.0
2019-05-27,2.2227790355682373,6677181.0
2019-05-28,2.3547680377960205,6531023.0
2019-05-29,2.2818400859832764,6367466.0
2019-05-30,2.4431750774383545,20608086.0
2019-05-31,2.369420051574707,9362068.0
2019-06-01,2.3485329151153564,7268912.0
2019-06-02,2.2575390338897705,6778296.0
2019-06-03,2.281019926071167,7610796.0
2019-06-04,2.110991954803467,7856309.0
2019-06-05,1.9559069871902466,5669447.0
2019-06-06,1.983705997467041,6587452.0
2019-06-07,2.0633111000061035,6805094.0
2019-06-08,2.109739065170288,5346436.0
2019-06-09,2.1041789054870605,5918631.0
2019-06-10,2.0871570110321045,7581544.0
2019-06-11,2.1863179206848145,4729259.0
2019-06-12,2.207526922225952,6973902.0
2019-06-13,2.142380952835083,6231080.0
2019-06-14,2.0559470653533936,8252304.0
2019-06-15,1.907734990119934,7315598.0
2019-06-16,1.9532159566879272,7389473.0
2019-06-17,1.8786629438400269,5875051.0
2019-06-18,1.8146599531173706,5315908.0
2019-06-19,1.8306560516357422,3016493.0
2019-06-20,1.8029780387878418,5425774.0
2019-06-21,1.6065419912338257,6121717.0
2019-06-22,1.4994679689407349,8092916.0
2019-06-23,1.5605230331420898,5958226.0
2019-06-24,1.5104559659957886,5208887.0
2019-06-25,1.5215100049972534,6533155.0
2019-06-26,1.616407036781311,7834685.0
2019-06-27,1.543584942817688,4617262.0
2019-06-28,1.4077229499816895,6498374.0
2019-06-29,1.5188419818878174,7794601.0
2019-06-30,1.5130950212478638,5518573.0
2019-07-01,1.3889620304107666,4368699.0
2019-07-02,1.4285199642181396,20771196.0
2019-07-03,1.7623610496520996,16636162.0
2019-07-04,1.8514349460601807,17811369.0
2019-07-05,1.8907239437103271,22459013.0
2019-07-06,2.3929929733276367,50149275.0
2019-07-07,2.911691904067993,24462204.0
2019-07-08,2.480518102645874,22985318.0
2019-07-09,2.1999289989471436,27018740.0
2019-07-10,2.60890793800354,22037343.0
2019-07-11,2.442713975906372,14113356.0
2019-07-12,2.4465980529785156,35537825.0
2019-07-13,2.4794580936431885,12239238.0
2019-07-14,2.325547933578491,6007939.0
2019-07-15,1.9888579845428467,10107797.0
2019-07-16,1.926867961883545,7038649.0
2019-07-17,1.6003509759902954,5979310.0
2019-07-18,1.6857479810714722,6179738.0
2019-07-19,1.6962430477142334,5236868.0
2019-07-20,1.7252990007400513,5597210.0
2019-07-21,1.7283040285110474,4511806.0
2019-07-22,1.7356619834899902,6869546.0
2019-07-23,1.776142954826355,5200855.0
2019-07-24,1.6306229829788208,10444057.0
2019-07-25,1.845209002494812,8463384.0
2019-07-26,1.8610670566558838,5250891.0
2019-07-27,1.871621012687683,4703880.0
2019-07-28,1.7907969951629639,5452965.0
2019-07-29,1.833245038986206,5330954.0
2019-07-30,1.8224680423736572,9700277.0
2019-07-31,1.8981239795684814,6510888.0
2019-08-01,1.8253309726715088,4884561.0
2019-08-02,1.7616029977798462,5275744.0
2019-08-03,1.7988380193710327,4887307.0
2019-08-04,1.763461947441101,4302815.0
2019-08-05,1.7955689430236816,4213864.0
2019-08-06,1.7558590173721313,3311496.0
2019-08-07,1.879459023475647,3205282.0
2019-08-08,1.6158430576324463,3351167.0
2019-08-09,1.5367430448532104,4507694.0
2019-08-10,1.5592290163040161,3018028.0
2019-08-11,1.5562609434127808,4292906.0
2019-08-12,1.5885210037231445,3311981.0
2019-08-13,1.5566999912261963,3156592.0
2019-08-14,1.5452929735183716,3607570.0
2019-08-15,1.3999329805374146,3368609.0
2019-08-16,1.3248850107192993,3899709.0
2019-08-17,1.4088499546051025,2535776.0
2019-08-18,1.408331036567688,2965135.0
2019-08-19,1.435181975364685,3200737.0
2019-08-20,1.5348739624023438,2515274.0
2019-08-21,1.4321140050888062,3077413.0
2019-08-22,1.4209489822387695,3613462.0
2019-08-23,1.4740029573440552,3302742.0
2019-08-24,1.4623969793319702,4335264.0
2019-08-25,1.4832030534744263,4302644.0
2019-08-26,1.4065489768981934,4250795.0
2019-08-27,1.3836660385131836,3681833.0
2019-08-28,1.3421939611434937,4821092.0
2019-08-29,1.210415005683899,3618180.0
2019-08-30,1.163377046585083,2756880.0
2019-08-31,1.1714500188827515,2490033.0
2019-09-01,1.1603679656982422,3653723.0
2019-09-02,1.1667009592056274,3935798.0
2019-09-03,1.1714509725570679,3516707.0
2019-09-04,1.1577509641647339,2985841.0
2019-09-05,1.141131043434143,3711395.0
2019-09-06,1.0835440158843994,4211779.0
2019-09-07,1.0064810514450073,4005966.0
2019-09-08,1.0346499681472778,3014140.0
2019-09-09,1.06830894947052,2772394.0
2019-09-10,1.0275479555130005,2916354.0
2019-09-11,1.008378028869629,3437240.0
2019-09-12,0.9587780237197876,3582749.0
2019-09-13,0.9866269826889038,1968230.0
2019-09-14,0.9655979871749878,2628569.0
2019-09-15,0.9665849804878235,2703454.0
2019-09-16,0.9745969772338867,2700056.0
2019-09-17,0.9732890129089355,3359263.0
2019-09-18,1.002832055091858,4409332.0
2019-09-19,1.03535795211792,4173064.0
2019-09-20,0.9811040163040161,4011983.0
2019-09-21,0.9747700095176697,4561228.0
2019-09-22,1.0091160535812378,4621040.0
2019-09-23,0.9848380088806152,4400759.0
2019-09-24,0.9430519938468933,4247952.0
2019-09-25,0.7347949743270874,3747663.0
2019-09-26,0.7425000071525574,4637692.0
2019-09-27,0.7188400030136108,3870756.0
2019-09-28,0.7332289814949036,4261066.0
2019-09-29,0.7334830164909363,4145055.0
2019-09-30,0.6966450214385986,4381719.0
2019-10-01,0.7044820189476013,3888295.0
2019-10-02,0.7128450274467468,2800874.0
2019-10-03,0.7244070172309875,3070294.0
2019-10-04,0.7190229892730713,1962506.0
2019-10-05,0.7305780053138733,1547234.0
2019-10-06,0.7206249833106995,1721980.0
2019-10-07,0.6974629759788513,2961036.0
2019-10-08,0.7234830260276794,1960807.0
2019-10-09,0.7528190016746521,3545843.0
2019-10-10,0.7315260171890259,2537422.0
2019-10-11,0.7243580222129822,5209283.0
2019-10-12,0.7980009913444519,3718347.0
2019-10-13,0.7648429870605469,2560905.0
2019-10-14,0.749064028263092,2174941.0
2019-10-15,0.75279301404953,2078176.0
2019-10-16,0.7508389949798584,2323174.0
2019-10-17,0.7031350135803223,1474321.0
2019-10-18,0.7211369872093201,2368243.0
2019-10-19,0.6872180104255676,1689828.0
2019-10-20,0.6856570243835449,1590701.0
2019-10-21,0.6821560263633728,1994338.0
2019-10-22,0.6885319948196411,2196464.0
2019-10-23,0.6915159821510315,1556848.0
2019-10-24,0.6322590112686157,1579866.0
2019-10-25,0.6265929937362671,2828093.0
2019-10-26,0.6517379879951477,3889287.0
2019-10-27,0.6339470148086548,6018758.0
2019-10-28,0.7371389865875244,5992725.0
2019-10-29,0.7500640153884888,3624471.0
2019-10-30,0.7653610110282898,6671663.0
2019-10-31,0.7372530102729797,3222660.0
2019-11-01,0.7526320219039917,2208197.0
2019-11-02,0.7341970205307007,6627733.0
2019-11-03,0.7523710131645203,2935095.0
2019-11-04,0.7448449730873108,9868199.0
2019-11-05,0.7628300189971924,3604353.0
2019-11-06,0.7798269987106323,3268047.0
2019-11-07,0.8032709956169128,31855897.0
2019-11-08,0.7800390124320984,2827484.0
2019-11-09,0.7083799839019775,1844554.0
2019-11-10,0.7131749987602234,2160318.0
2019-11-11,0.7161219716072083,2201795.0
2019-11-12,0.7068570256233215,2460884.0
2019-11-13,0.7217100262641907,3058807.0
2019-11-14,0.728967010974884,2318260.0
2019-11-15,0.7190060019493103,2593100.0
2019-11-16,0.6979140043258667,2209655.0
2019-11-17,0.7182260155677795,4123971.0
2019-11-18,0.7373719811439514,6371488.0
2019-11-19,0.7140570282936096,3609027.0
2019-11-20,0.6801859736442566,17410785.0
2019-11-21,0.6498950123786926,2625356.0
2019-11-22,0.6051599979400635,2579667.0
2019-11-23,0.5450760126113892,1495105.0
2019-11-24,0.5770559906959534,1566475.0
2019-11-25,0.5423210263252258,2123094.0
2019-11-26,0.5147460103034973,27651631.0
2019-11-27,0.4974760115146637,4393437.0
2019-11-28,0.5197100043296814,9756009.0
2019-11-29,0.5673450231552124,3102799.0
2019-11-30,0.5624970197677612,11863306.0
2019-12-01,0.5246229767799377,1250421.0
2019-12-02,0.5595030188560486,1330136.0
2019-12-03,0.5469740033149719,1686658.0
2019-12-04,0.5268409848213196,2141653.0
2019-12-05,0.5083370208740234,2243861.0
2019-12-06,0.5079860091209412,2148995.0
2019-12-07,0.5111430287361145,1836021.0
2019-12-08,0.5266910195350647,2347447.0
2019-12-09,0.5342990159988403,2871918.0
2019-12-10,0.5241379737854004,3127525.0
2019-12-11,0.4860909879207611,2008968.0
2019-12-12,0.4995970129966736,1805512.0
2019-12-13,0.49338498711586,1574445.0
2019-12-14,0.5086129903793335,1700987.0
2019-12-15,0.4926919937133789,1794917.0
2019-12-16,0.4903950095176697,4727037.0
2019-12-17,0.43229401111602783,2177629.0
2019-12-18,0.41308000683784485,2624514.0
2019-12-19,0.42475900053977966,2348786.0
2019-12-20,0.42326998710632324,2440544.0
2019-12-21,0.4307529926300049,1691029.0
2019-12-22,0.43298399448394775,1471712.0
2019-12-23,0.4502269923686981,1645373.0
2019-12-24,0.4250200092792511,1846566.0
2019-12-25,0.42594000697135925,1792100.0
2019-12-26,0.3658609986305237,1864551.0
2019-12-27,0.35587599873542786,1732354.0
2019-12-28,0.35737499594688416,2005884.0
2019-12-29,0.36117300391197205,2204980.0
2019-12-30,0.3533340096473694,1349503.0
2019-12-31,0.3534339964389801,1889714.0
2020-01-01,0.3445099890232086,1781841.0
2020-01-02,0.36076098680496216,2551378.0
2020-01-03,0.3393400013446808,6807113.0
2020-01-04,0.3974829912185669,7363523.0
2020-01-05,0.3814620077610016,4028674.0
2020-01-06,0.3858940005302429,3748430.0
2020-01-07,0.3822450041770935,2366934.0
2020-01-08,0.35892099142074585,2293038.0
2020-01-09,0.3487730026245117,1592356.0
2020-01-10,0.33697500824928284,1283513.0
2020-01-11,0.34325501322746277,1342849.0
2020-01-12,0.3512269854545593,1399699.0
2020-01-13,0.3595530092716217,3386337.0
2020-01-14,0.37025800347328186,4597983.0
2020-01-15,0.36522001028060913,8198495.0
2020-01-16,0.43236199021339417,13091267.0
2020-01-17,0.44760799407958984,5597812.0
2020-01-18,0.46737900376319885,4229151.0
2020-01-19,0.44051501154899597,11731914.0
2020-01-20,0.47410500049591064,5575543.0
2020-01-21,0.48583298921585083,7160060.0
2020-01-22,0.4429979920387268,4630670.0
2020-01-23,0.4240649938583374,4607215.0
2020-01-24,0.3845660090446472,2072030.0
2020-01-25,0.38210800290107727,1743422.0
2020-01-26,0.3953379988670349,2287382.0
2020-01-27,0.39886900782585144,1534806.0
2020-01-28,0.38450199365615845,1996833.0
2020-01-29,0.3920519948005676,19452559.0
2020-01-30,0.4212859869003296,3906728.0
2020-01-31,0.4110270142555237,2346317.0
2020-02-01,0.4099520146846771,2372106.0
2020-02-02,0.4256860017776489,3625530.0
2020-02-03,0.44494301080703735,11837922.0
2020-02-04,0.4659479856491089,15150398.0
2020-02-05,0.5106809735298157,7649688.0
2020-02-06,0.49820300936698914,12422330.0
2020-02-07,0.5916439890861511,19245472.0
2020-02-08,0.6237549781799316,9871173.0
2020-02-09,0.5895310044288635,23306479.0
2020-02-10,0.7283980250358582,19626097.0
2020-02-11,0.7065340280532837,12053855.0
2020-02-12,0.6862750053405762,13476578.0
2020-02-13,0.7276780009269714,9749354.0
2020-02-14,0.664201021194458,7613236.0
2020-02-15,0.7017880082130432,11607918.0
2020-02-16,0.6517040133476257,10876783.0
2020-02-17,0.6003730297088623,9044769.0
2020-02-18,0.5993959903717041,6634690.0
2020-02-19,0.5951510071754456,6147011.0
2020-02-20,0.540723979473114,7428869.0
2020-02-21,0.5417760014533997,4554722.0
2020-02-22,0.5398449897766113,3293054.0
2020-02-23,0.5271540284156799,3552228.0
2020-02-24,0.5657690167427063,4450027.0
2020-02-25,0.5231890082359314,4686719.0
2020-02-26,0.45997801423072815,4465251.0
2020-02-27,0.41240599751472473,6938208.0
2020-02-28,0.43992599844932556,2874627.0
2020-02-29,0.4276530146598816,1905639.0
2020-03-01,0.4169690012931824,3225645.0
2020-03-02,0.4312629997730255,2727030.0
2020-03-03,0.45743998885154724,3032349.0
2020-03-04,0.4341219961643219,3508035.0
2020-03-05,0.4262219965457916,5190838.0
2020-03-06,0.45016101002693176,3721912.0
2020-03-07,0.4507890045642853,3316316.0
2020-03-08,0.42269501090049744,2658994.0
2020-03-09,0.36259499192237854,7615978.0
2020-03-10,0.38546499609947205,6585395.0
2020-03-11,0.37735700607299805,2837127.0
2020-03-12,0.367220014333725,3076025.0
2020-03-13,0.18802699446678162,2761442.0
2020-03-14,0.20195600390434265,1120610.0
2020-03-15,0.1888349950313568,1154958.0
2020-03-16,0.18932099640369415,1213500.0
2020-03-17,0.16257399320602417,2041541.0
2020-03-18,0.17648500204086304,2639791.0
2020-03-19,0.17676199972629547,4108066.0
2020-03-20,0.2089100033044815,4743681.0
2020-03-21,0.2082590013742447,2839199.0
2020-03-22,0.20612600445747375,2394247.0
2020-03-23,0.18520000576972961,2450233.0
2020-03-24,0.20347100496292114,6204028.0
2020-03-25,0.22094300389289856,3234262.0
2020-03-26,0.21308700740337372,4296529.0
2020-03-27,0.2510150074958801,4141556.0
2020-03-28,0.22057600319385529,6076161.0
2020-03-29,0.22224700450897217,4734388.0
2020-03-30,0.21198199689388275,3643910.0
2020-03-31,0.2261659950017929,3441262.0
2020-04-01,0.22666899859905243,3781978.0
2020-04-02,0.2335139960050583,3665338.0
2020-04-03,0.23001499474048615,4040121.0
2020-04-04,0.22766700387001038,4328601.0
2020-04-05,0.2342340052127838,6649175.0
2020-04-06,0.23405499756336212,4401826.0
2020-04-07,0.25102901458740234,5390473.0
2020-04-08,0.2538380026817322,3186796.0
2020-04-09,0.25988900661468506,3146347.0
2020-04-10,0.2619889974594116,3810238.0
2020-04-11,0.23054400086402893,3136649.0
2020-04-12,0.22953000664710999,3445459.0
2020-04-13,0.23153799772262573,3869390.0
2020-04-14,0.22718499600887299,3536744.0
2020-04-15,0.22849300503730774,3295943.0
2020-04-16,0.22363899648189545,12837283.0
2020-04-17,0.2698419988155365,67271987.0
2020-04-18,0.30907198786735535,27394714.0
2020-04-19,0.30253300070762634,15698551.0
2020-04-20,0.2923530042171478,15385293.0
2020-04-21,0.26166799664497375,16111219.0
2020-04-22,0.28111499547958374,20727340.0
2020-04-23,0.2873629927635193,20860747.0
2020-04-24,0.284525990486145,7827894.0
2020-04-25,0.2940770089626312,6087768.0
2020-04-26,0.3007679879665375,5150247.0
2020-04-27,0.29528000950813293,8074479.0
2020-04-28,0.2871110141277313,5180697.0
2020-04-29,0.28685298562049866,6598588.0
2020-04-30,0.29718801379203796,5110432.0
2020-05-01,0.28484299778938293,4756179.0
2020-05-02,0.2940619885921478,4638615.0
2020-05-03,0.2987929880619049,4526186.0
2020-05-04,0.2951259911060333,4616899.0
2020-05-05,0.2925710082054138,5942837.0
2020-05-06,0.30179300904273987,12937931.0
2020-05-07,0.28918200731277466,6943990.0
2020-05-08,0.28737300634384155,6388720.0
2020-05-09,0.29523900151252747,7516129.0
2020-05-10,0.2958320081233978,5777165.0
2020-05-11,0.2633500099182129,6291839.0
2020-05-12,0.25758299231529236,6159547.0
2020-05-13,0.25608301162719727,5770717.0
2020-05-14,0.2702780067920685,6079521.0
2020-05-15,0.26198598742485046,6074752.0
2020-05-16,0.2618370056152344,5832396.0
2020-05-17,0.26850101351737976,5827882.0
2020-05-18,0.2640030086040497,6659756.0
2020-05-19,0.2671619951725006,7335410.0
2020-05-20,0.2722789943218231,9931577.0
2020-05-21,0.27568700909614563,9910981.0
2020-05-22,0.2642180025577545,10653521.0
2020-05-23,0.2953610122203827,12812621.0
2020-05-24,0.3012019991874695,9890748.0
2020-05-25,0.2956719994544983,9103513.0
2020-05-26,0.33167800307273865,16803199.0
2020-05-27,0.3557110130786896,10041146.0
2020-05-28,0.3488740026950836,8209239.0
2020-05-29,0.348486989736557,11479563.0
2020-05-30,0.35829800367355347,8489407.0
2020-05-31,0.3597080111503601,7870383.0
2020-06-01,0.34619200229644775,7768714.0
2020-06-02,0.3436029851436615,8618120.0
2020-06-03,0.3420110046863556,5252903.0
2020-06-04,0.34505999088287354,8665560.0
2020-06-05,0.34167999029159546,6656007.0
2020-06-06,0.3591670095920563,8688229.0
2020-06-07,0.3874950110912323,9263266.0
2020-06-08,0.36803698539733887,11155876.0
2020-06-09,0.40193700790405273,9427559.0
2020-06-10,0.39913299679756165,6389548.0
2020-06-11,0.41257399320602417,9442846.0
2020-06-12,0.3677600026130676,7599399.0
2020-06-13,0.38367098569869995,7489820.0
2020-06-14,0.3850120007991791,7022246.0
2020-06-15,0.35766398906707764,7549327.0
2020-06-16,0.35582101345062256,8191951.0
2020-06-17,0.372514009475708,6752179.0
2020-06-18,0.3584260046482086,9102691.0
2020-06-19,0.3582339882850647,8563328.0
2020-06-20,0.3689410090446472,7894501.0
2020-06-21,0.3613710105419159,8115876.0
2020-06-22,0.35968899726867676,8074978.0
2020-06-23,0.37103700637817383,6079785.0
2020-06-24,0.3759869933128357,10120528.0
2020-06-25,0.3731350004673004,7828054.0
2020-06-26,0.3575359880924225,11690706.0
2020-06-27,0.3469789922237396,5344461.0
2020-06-28,0.32319000363349915,4636905.0
2020-06-29,0.3325670063495636,5093172.0
2020-06-30,0.334416002035141,4696322.0
2020-07-01,0.3326910138130188,5204510.0
2020-07-02,0.34068799018859863,4417159.0
2020-07-03,0.3308260142803192,6409564.0
2020-07-04,0.333730012178421,7485080.0
2020-07-05,0.3495280146598816,6783000.0
2020-07-06,0.34979599714279175,5992508.0
2020-07-07,0.3643850088119507,5135052.0
2020-07-08,0.38405200839042664,8776819.0
2020-07-09,0.4143959879875183,9704321.0
2020-07-10,0.4186989963054657,8518777.0
2020-07-11,0.397148996591568,7899359.0
2020-07-12,0.4196079969406128,19788445.0
2020-07-13,0.48236799240112305,11464463.0
2020-07-14,0.4292930066585541,8079116.0
2020-07-15,0.43327799439430237,8634034.0
2020-07-16,0.4137899875640869,8320642.0
2020-07-17,0.42073899507522583,22437105.0
2020-07-18,0.4522159993648529,16815109.0
2020-07-19,0.46213099360466003,8181832.0
2020-07-20,0.4496549963951111,12032353.0
2020-07-21,0.4782539904117584,10427705.0
2020-07-22,0.47793298959732056,13649765.0
2020-07-23,0.533490002155304,13042010.0
2020-07-24,0.5134509801864624,10514550.0
2020-07-25,0.4872789978981018,8725716.0
2020-07-26,0.47540798783302307,9286005.0
2020-07-27,0.46639999747276306,10838418.0
2020-07-28,0.4117330014705658,6795729.0
2020-07-29,0.4447210133075714,6553884.0
2020-07-30,0.43115800619125366,6440442.0
2020-07-31,0.43777498602867126,5996380.0
2020-08-01,0.4235619902610779,5703709.0
2020-08-02,0.43136298656463623,6721907.0
2020-08-03,0.43125098943710327,6010120.0
2020-08-04,0.42920899391174316,4928179.0
2020-08-05,0.4440949857234955,4442274.0
2020-08-06,0.43299299478530884,5558472.0
2020-08-07,0.4470599889755249,17483448.0
2020-08-08,0.44923898577690125,8955461.0
2020-08-09,0.484158992767334,7606092.0
2020-08-10,0.49154800176620483,8945727.0
2020-08-11,0.5105770230293274,22666110.0
2020-08-12,0.4812769889831543,6867054.0
2020-08-13,0.5066260099411011,17051500.0
2020-08-14,0.5830240249633789,7561661.0
2020-08-15,0.5465199947357178,5056956.0
2020-08-16,0.5411450266838074,5527770.0
2020-08-17,0.573074996471405,6429242.0
2020-08-18,0.552827000617981,16948117.0
2020-08-19,0.6392710208892822,13492941.0
2020-08-20,0.6003779768943787,8978943.0
2020-08-21,0.6701980233192444,15850192.0
2020-08-22,0.6443160176277161,8883546.0
2020-08-23,0.7495099902153015,7674553.0
2020-08-24,0.7119489908218384,5457448.0
2020-08-25,0.6936860084533691,6476716.0
2020-08-26,0.6708210110664368,5021044.0
2020-08-27,0.6301990151405334,6174914.0
2020-08-28,0.5891799926757812,3865436.0
2020-08-29,0.6286799907684326,3577846.0
2020-08-30,0.6244069933891296,3099916.0
2020-08-31,0.6086390018463135,5239248.0
2020-09-01,0.6479650139808655,4530276.0
2020-09-02,0.6040449738502502,4064145.0
2020-09-03,0.5716239809989929,3893275.0
2020-09-04,0.45070400834083557,6249996.0
2020-09-05,0.5506089925765991,4380465.0
2020-09-06,0.45837900042533875,3596356.0
2020-09-07,0.48303499817848206,3553860.0
2020-09-08,0.4857020080089569,3824824.0
2020-09-09,0.4688439965248108,2528961.0
2020-09-10,0.4819619953632355,2842146.0
2020-09-11,0.5090469717979431,3595218.0
2020-09-12,0.5364900231361389,3446049.0
2020-09-13,0.5508800148963928,2755741.0
2020-09-14,0.4928410053253174,285815511.0
2020-09-15,0.5006999969482422,202402749.0
2020-09-16,0.4607749879360199,266691519.0
2020-09-17,0.4408000111579895,362458322.0
2020-09-18,0.4475190043449402,364513934.0
2020-09-19,0.4144749939441681,412936643.0
2020-09-20,0.42139101028442383,439056977.0
2020-09-21,0.4119980037212372,334539751.0
2020-09-22,0.35926100611686707,422352087.0
2020-09-23,0.36728599667549133,1770506.0
2020-09-24,0.33582600951194763,1353458.0
2020-09-25,0.37239500880241394,1388462.0
2020-09-26,0.3790929913520813,1668020.0
2020-09-27,0.3779360055923462,1444315.0
2020-09-28,0.3719010055065155,1983478.0
2020-09-29,0.3799639940261841,1251596.0
2020-09-30,0.3951529860496521,981121.0
2020-10-01,0.3998129963874817,1860883.0
2020-10-02,0.3721480071544647,1850318.0
2020-10-03,0.35049599409103394,986355.0
2020-10-04,0.34825599193573,850098.0
2020-10-05,0.34825000166893005,945073.0
2020-10-06,0.3518519997596741,1466133.0
2020-10-07,0.3121330142021179,837152.0
2020-10-08,0.32072800397872925,8485844.0
2020-10-09,0.3997400104999542,3342447.0
2020-10-10,0.4296959936618805,2153072.0
2020-10-11,0.3993070125579834,1229564.0
2020-10-12,0.3944700062274933,1741807.0
2020-10-13,0.3824639916419983,1537422.0
2020-10-14,0.38205400109291077,3949885.0
2020-10-15,0.4083609879016876,2266765.0
2020-10-16,0.3531860113143921,1777924.0
2020-10-17,0.33371099829673767,2369511.0
2020-10-18,0.34725600481033325,1301035.0
2020-10-19,0.33817899227142334,3273640.0
2020-10-20,0.37411201000213623,1802804.0
2020-10-21,0.3376550078392029,1996634.0
2020-10-22,0.34830600023269653,2451917.0
2020-10-23,0.33904901146888733,1920591.0
2020-10-24,0.32583099603652954,1724929.0
2020-10-25,0.3228900134563446,1592799.0
2020-10-26,0.31434598565101624,2471566.0
2020-10-27,0.2933200001716614,2249164.0
2020-10-28,0.30706098675727844,1774421.0
2020-10-29,0.28318798542022705,1651283.0
2020-10-30,0.26619499921798706,1485893.0
2020-10-31,0.2580460011959076,880471.0
2020-11-01,0.2548309862613678,859250.0
2020-11-02,0.26017698645591736,1601363.0
2020-11-03,0.254393994808197,1745981.0
2020-11-04,0.24118199944496155,1726697.0
2020-11-05,0.2492620050907135,2542331.0
2020-11-06,0.2770169973373413,3546715.0
2020-11-07,0.3135930001735687,3136045.0
2020-11-08,0.290583997964859,2018392.0
2020-11-09,0.30379199981689453,2214437.0
2020-11-10,0.3058359920978546,4555733.0
2020-11-11,0.3448379933834076,2667468.0
2020-11-12,0.3223249912261963,1932424.0
2020-11-13,0.30432000756263733,2017005.0
2020-11-14,0.3170959949493408,1482706.0
2020-11-15,0.3111940026283264,1976924.0
2020-11-16,0.29811498522758484,1757945.0
2020-11-17,0.3174630105495453,2095126.0
2020-11-18,0.317984014749527,1444987.0
2020-11-19,0.30994901061058044,2819292.0
2020-11-20,0.3195590078830719,1965197.0
2020-11-21,0.3232400119304657,2772179.0
2020-11-22,0.35869601368904114,2454922.0
2020-11-23,0.3412489891052246,4802013.0
2020-11-24,0.3789590001106262,5770079.0
2020-11-25,0.39102500677108765,4816677.0
2020-11-26,0.3952710032463074,6556819.0
2020-11-27,0.3577190041542053,1632646.0
2020-11-28,0.351375013589859,1644994.0
2020-11-29,0.3655650019645691,1596871.0
2020-11-30,0.35528600215911865,2525114.0
2020-12-01,0.3725129961967468,2278002.0
2020-12-02,0.35857000946998596,1271406.0
2020-12-03,0.37265700101852417,1627561.0
2020-12-04,0.3844110071659088,1835776.0
2020-12-05,0.34689900279045105,1756473.0
2020-12-06,0.37309300899505615,1276282.0
2020-12-07,0.37082698941230774,1484112.0
2020-12-08,0.3534879982471466,1469119.0
2020-12-09,0.32467201352119446,1537457.0
2020-12-10,0.33609798550605774,1103375.0
2020-12-11,0.32686498761177063,1326445.0
2020-12-12,0.31807199120521545,1461688.0
2020-12-13,0.32868099212646484,1290831.0
2020-12-14,0.3376010060310364,1418871.0
2020-12-15,0.338236004114151,1268698.0
2020-12-16,0.32917600870132446,2013221.0
2020-12-17,0.33298200368881226,2365310.0
2020-12-18,0.3286210000514984,1367438.0
2020-12-19,0.33667799830436707,2109835.0
2020-12-20,0.352387011051178,1646146.0
2020-12-21,0.33770400285720825,1457566.0
2020-12-22,0.3321110010147095,1229876.0
2020-12-23,0.3296479880809784,1810968.0
2020-12-24,0.27886199951171875,1819004.0
2020-12-25,0.2944500148296356,2170127.0
2020-12-26,0.29408499598503113,2400743.0
2020-12-27,0.28276199102401733,3554486.0
2020-12-28,0.27724701166152954,2070674.0
2020-12-29,0.28070899844169617,2032973.0
2020-12-30,0.2914229929447174,1283936.0
2020-12-31,0.27539899945259094,1233035.0
2021-01-01,0.2764270007610321,1748708.0
2021-01-02,0.284824013710022,1867680.0
2021-01-03,0.27954599261283875,1767285.0
2021-01-04,0.28701698780059814,2311453.0
2021-01-05,0.2870050072669983,1892775.0
2021-01-06,0.28694799542427063,3782179.0
2021-01-07,0.32256099581718445,5765942.0
2021-01-08,0.3564319908618927,3311561.0
2021-01-09,0.33194500207901,3918868.0
2021-01-10,0.3605549931526184,5244414.0
2021-01-11,0.3935779929161072,3192991.0
2021-01-12,0.31974801421165466,2192557.0
2021-01-13,0.31159698963165283,2156754.0
2021-01-14,0.324753999710083,2145228.0
2021-01-15,0.3232330083847046,2619438.0
2021-01-16,0.3328149914741516,2486328.0
2021-01-17,0.3342199921607971,3495291.0
2021-01-18,0.34825700521469116,3748153.0
2021-01-19,0.36679598689079285,2926097.0
2021-01-20,0.35234498977661133,7169962.0
2021-01-21,0.3743380010128021,3587590.0
2021-01-22,0.3436869978904724,2873064.0
2021-01-23,0.3510589897632599,2158779.0
2021-01-24,0.35094401240348816,3679476.0
2021-01-25,0.375806987285614,3673028.0
2021-01-26,0.35646799206733704,2546466.0
2021-01-27,0.35120099782943726,2111718.0
2021-01-28,0.32626599073410034,2880879.0
2021-01-29,0.3293899893760681,4102054.0
2021-01-30,0.3334360122680664,4405574.0
2021-01-31,0.3599439859390259,3271100.0
2021-02-01,0.35629600286483765,2939389.0
2021-02-02,0.3664970099925995,5075850.0
2021-02-03,0.36851298809051514,10000318.0
2021-02-04,0.4263390004634857,12408304.0
2021-02-05,0.4372909963130951,10888236.0
2021-02-06,0.46474701166152954,7636581.0
2021-02-07,0.4541339874267578,5136995.0
2021-02-08,0.44690999388694763,9943537.0
2021-02-09,0.4586150050163269,24250300.0
2021-02-10,0.6136900186538696,16318063.0
2021-02-11,0.6040819883346558,17876753.0
2021-02-12,0.7206950187683105,39610104.0
2021-02-13,1.1141929626464844,309285895.0
2021-02-14,1.4913899898529053,69949472.0
2021-02-15,1.2940080165863037,36704515.0
2021-02-16,1.136191964149475,19487423.0
2021-02-17,1.075721025466919,26397259.0
2021-02-18,1.119616985321045,21082309.0
2021-02-19,1.1613420248031616,19384861.0
2021-02-20,1.1318089962005615,29651774.0
2021-02-21,1.0965780019760132,23299928.0
2021-02-22,1.1520320177078247,21234267.0
2021-02-23,1.0480149984359741,19060672.0
2021-02-24,0.838280975818634,17029400.0
2021-02-25,0.910709023475647,11783712.0
2021-02-26,0.8234969973564148,23132105.0
2021-02-27,0.927869975566864,12458146.0
2021-02-28,0.8855739831924438,8863605.0
2021-03-01,0.8150309920310974,54657417.0
2021-03-02,0.9654849767684937,12192835.0
2021-03-03,0.9464769959449768,13503479.0
2021-03-04,0.9920790195465088,12814731.0
2021-03-05,0.9402620196342468,13723477.0
2021-03-06,0.9848300218582153,16885611.0
2021-03-07,1.0278129577636719,17700071.0
2021-03-08,0.9992049932479858,25603927.0
2021-03-09,1.1030910015106201,19574536.0
2021-03-10,1.1255409717559814,15837919.0
2021-03-11,1.036903977394104,65080246.0
2021-03-12,1.454643964767456,57829116.0
2021-03-13,1.250830054283142,26848125.0
2021-03-14,1.3190059661865234,15979349.0
2021-03-15,1.2154459953308105,30668942.0
2021-03-16,1.3297380208969116,34905668.0
2021-03-17,1.4190950393676758,26635100.0
2021-03-18,1.5303089618682861,74549504.0
2021-03-19,1.6795200109481812,30198724.0
2021-03-20,1.5656869411468506,22029126.0
2021-03-21,1.5590579509735107,17073877.0
2021-03-22,1.454408049583435,15203048.0
2021-03-23,1.3669730424880981,26048047.0
2021-03-24,1.4523489475250244,27086369.0
2021-03-25,1.4404670000076294,20357659.0
2021-03-26,1.408735990524292,31032786.0
2021-03-27,1.61866295337677,22020473.0
2021-03-28,1.5633419752120972,28908155.0
2021-03-29,1.665653944015503,75169755.0
2021-03-30,1.9046740531921387,36858053.0
2021-03-31,1.9442399740219116,43607745.0
2021-04-01,1.9784859418869019,24013408.0
2021-04-02,1.8752039670944214,29883457.0
2021-04-03,1.911268949508667,25562755.0
2021-04-04,1.6824870109558105,27871908.0
2021-04-05,1.8236500024795532,59598088.0
2021-04-06,2.1258089542388916,146041560.0
2021-04-07,2.2148261070251465,49545036.0
2021-04-08,2.0717580318450928,32944187.0
2021-04-09,2.256645917892456,29546510.0
2021-04-10,2.118582010269165,22206057.0
2021-04-11,2.1567230224609375,19809550.0
2021-04-12,2.1798648834228516,17609753.0
2021-04-13,2.021733045578003,19526683.0
2021-04-14,1.9843950271606445,19578862.0
2021-04-15,1.982908010482788,21922151.0
2021-04-16,2.1298270225524902,18760752.0
2021-04-17,1.9863569736480713,41094317.0
2021-04-18,2.1390368938446045,23970667.0
2021-04-19,1.8850129842758179,23739851.0
2021-04-20,1.770514965057373,23721091.0
2021-04-21,1.8246999979019165,15679432.0
2021-04-22,1.6303709745407104,20421505.0
2021-04-23,1.4333640336990356,18969162.0
2021-04-24,1.3635900020599365,12775912.0
2021-04-25,1.2285070419311523,16813653.0
2021-04-26,1.2951170206069946,18169472.0
2021-04-27,1.4750570058822632,16130285.0
2021-04-28,1.6430879831314087,13451776.0
2021-04-29,1.573984980583191,14627979.0
2021-04-30,1.5562679767608643,34079973.0
2021-05-01,1.7268010377883911,16131756.0
2021-05-02,1.7760590314865112,17894586.0
2021-05-03,1.731369972229004,23467278.0
2021-05-04,1.769690990447998,22128200.0
2021-05-05,1.5727920532226562,17804194.0
2021-05-06,1.7086130380630493,35148129.0
2021-05-07,1.879201054573059,139106023.0
2021-05-08,1.9400010108947754,80894091.0
2021-05-09,2.144521951675415,45031447.0
2021-05-10,1.9655009508132935,32967835.0
2021-05-11,1.771697998046875,25851470.0
2021-05-12,1.8621599674224854,36320980.0
2021-05-13,1.6345479488372803,20581281.0
2021-05-14,1.6478279829025269,33960145.0
2021-05-15,1.8786269426345825,29805272.0
2021-05-16,1.6238609552383423,31570209.0
2021-05-17,1.6399849653244019,24661170.0
2021-05-18,1.4438190460205078,15671061.0
2021-05-19,1.456624984741211,25000500.0
2021-05-20,0.9323499798774719,13084816.0
2021-05-21,1.066970944404602,12996515.0
2021-05-22,0.8804330229759216,9458608.0
2021-05-23,0.8351320028305054,11784595.0
2021-05-24,0.6623510122299194,10823511.0
2021-05-25,0.824836015701294,9283286.0
2021-05-26,0.8859990239143372,9862545.0
2021-05-27,0.9875890016555786,11011598.0
2021-05-28,0.9254559874534607,8817989.0
2021-05-29,0.7882949709892273,9265718.0
2021-05-30,0.752140998840332,6928624.0
2021-05-31,0.8045899868011475,7220177.0
2021-06-01,0.8607500195503235,6040247.0
2021-06-02,0.8198400139808655,9906912.0
2021-06-03,0.8900750279426575,9252877.0
2021-06-04,0.9080529808998108,9863121.0
2021-06-05,0.7964820265769958,7917091.0
2021-06-06,0.7589640021324158,7070169.0
2021-06-07,0.7865639925003052,6689384.0
2021-06-08,0.7009940147399902,7479808.0
2021-06-09,0.7236419916152954,22109702.0
2021-06-10,0.8481000065803528,10813270.0
2021-06-11,0.768185019493103,6712112.0
2021-06-12,0.7059490084648132,7675837.0
2021-06-13,0.6948630213737488,7839744.0
2021-06-14,0.7399809956550598,8278087.0
2021-06-15,0.7524330019950867,7916916.0
2021-06-16,0.742546021938324,16112339.0
2021-06-17,0.7562940120697021,10976374.0
2021-06-18,0.7572450041770935,31848018.0
2021-06-19,0.7537209987640381,22413762.0
2021-06-20,0.7078229784965515,13182865.0
2021-06-21,0.6978060007095337,12202452.0
2021-06-22,0.521353006362915,10241945.0
2021-06-23,0.4906359910964966,9263709.0
2021-06-24,0.5305500030517578,5904960.0
2021-06-25,0.5584489703178406,6817822.0
2021-06-26,0.4903390109539032,5178308.0
2021-06-27,0.48966801166534424,10519280.0
2021-06-28,0.49945101141929626,5665870.0
2021-06-29,0.5269749760627747,8893778.0
2021-06-30,0.592598021030426,5920147.0
2021-07-01,0.579787015914917,5590538.0
2021-07-02,0.5529289841651917,4835809.0
2021-07-03,0.5711780190467834,20305885.0
2021-07-04,0.6407089829444885,9030620.0
2021-07-05,0.6056900024414062,5868498.0
2021-07-06,0.5722650289535522,12739350.0
2021-07-07,0.5912899971008301,7527193.0
2021-07-08,0.5813210010528564,4012054.0
2021-07-09,0.5273230075836182,2503764.0
2021-07-10,0.5414559841156006,1687267.0
2021-07-11,0.5207080245018005,2234019.0
2021-07-12,0.5514820218086243,2402926.0
2021-07-13,0.5383419990539551,2413509.0
2021-07-14,0.5122179985046387,3355884.0
2021-07-15,0.5368180274963379,2993244.0
2021-07-16,0.5108169913291931,2176573.0
2021-07-17,0.4914880096912384,1635448.0
2021-07-18,0.48711299896240234,1326259.0
2021-07-19,0.4914819896221161,1346771.0
2021-07-20,0.4537869989871979,2320249.0
2021-07-21,0.4309149980545044,17156151.0
2021-07-22,0.5007230043411255,5714666.0
2021-07-23,0.4918439984321594,11735503.0
2021-07-24,0.5222370028495789,3572734.0
2021-07-25,0.5237889885902405,5285951.0
2021-07-26,0.5385900139808655,4798879.0
2021-07-27,0.531138002872467,3847926.0
2021-07-28,0.5461909770965576,6307375.0
2021-07-29,0.5558840036392212,5392465.0
2021-07-30,0.5724620223045349,3025680.0
2021-07-31,0.5730440020561218,3367563.0
2021-08-01,0.5861909985542297,6045398.0
2021-08-02,0.5669299960136414,3167709.0
2021-08-03,0.5693060159683228,5591946.0
2021-08-04,0.5362650156021118,3430781.0
2021-08-05,0.5716620087623596,5334026.0
2021-08-06,0.6197069883346558,6576255.0
2021-08-07,0.6545490026473999,8902187.0
2021-08-08,0.6866359710693359,7264756.0
2021-08-09,0.6588429808616638,10741012.0
2021-08-10,0.6840599775314331,14490697.0
2021-08-11,0.6908320188522339,9827814.0
2021-08-12,0.7047560214996338,37076303.0
2021-08-13,0.8331400156021118,59786786.0
2021-08-14,0.8813650012016296,16974624.0
2021-08-15,0.8546760082244873,30724851.0
2021-08-16,0.9309809803962708,15266206.0
2021-08-17,0.8911129832267761,9784525.0
2021-08-18,0.7996780276298523,7643687.0
2021-08-19,0.7960699796676636,12507585.0
2021-08-20,0.8251090049743652,21997001.0
2021-08-21,0.9457740187644958,10733889.0
2021-08-22,0.9008870124816895,34517174.0
2021-08-23,1.0158120393753052,19369061.0
2021-08-24,0.9778839945793152,36894458.0
2021-08-25,1.0474109649658203,24066813.0
2021-08-26,1.0347039699554443,12662071.0
2021-08-27,0.9766430258750916,9878706.0
2021-08-28,0.968425989151001,8126448.0
2021-08-29,0.9370359778404236,10821681.0
2021-08-30,0.9785550236701965,20423183.0
2021-08-31,0.9494680166244507,9205719.0
2021-09-01,0.9375119805335999,11520725.0
2021-09-02,0.9634010195732117,12588955.0
2021-09-03,0.9628390073776245,11846558.0
2021-09-04,0.9657289981842041,10592118.0
2021-09-05,0.9968870282173157,19804792.0
2021-09-06,1.0711079835891724,15495886.0
2021-09-07,1.0625710487365723,15906713.0
2021-09-08,0.8296710252761841,9089184.0
2021-09-09,0.8146560192108154,15821312.0
2021-09-10,0.9432269930839539,12902885.0
2021-09-11,0.8812559843063354,16666509.0
2021-09-12,0.961762011051178,13810132.0
2021-09-13,0.949908971786499,43563457.0
2021-09-14,1.0637279748916626,19440460.0
2021-09-15,1.0282249450683594,29183960.0
2021-09-16,1.2179150581359863,51745729.0
2021-09-17,1.2087880373001099,26702563.0
2021-09-18,1.1979700326919556,17109080.0
2021-09-19,1.1825389862060547,17147906.0
2021-09-20,1.17318594455719,18206243.0
2021-09-21,0.9085839986801147,12331948.0
2021-09-22,0.810742974281311,9996761.0
2021-09-23,0.9294099807739258,25497918.0
2021-09-24,0.9027469754219055,26244657.0
2021-09-25,0.8788790106773376,18166817.0
2021-09-26,0.8730949759483337,10422577.0
2021-09-27,0.8400639891624451,10752677.0
2021-09-28,0.8293129801750183,6206924.0
2021-09-29,0.792398989200592,9380878.0
2021-09-30,0.8358410000801086,10366485.0
2021-10-01,0.8845310211181641,9023151.0
2021-10-02,0.9229819774627686,10772142.0
2021-10-03,0.9235600233078003,7882515.0
2021-10-04,0.9402099847793579,7966161.0
2021-10-05,0.8998579978942871,6807018.0
2021-10-06,0.9124810099601746,21326707.0
2021-10-07,1.0393840074539185,27397288.0
2021-10-08,1.0437959432601929,13204742.0
2021-10-09,1.0277669429779053,8372573.0
2021-10-10,1.062459945678711,7916660.0
2021-10-11,0.9760540127754211,6769966.0
2021-10-12,0.9574350118637085,4875735.0
2021-10-13,0.9339479804039001,4151641.0
2021-10-14,0.9441580176353455,5664438.0
2021-10-15,0.9659289717674255,5882540.0
2021-10-16,0.9673129916191101,15491850.0
2021-10-17,1.0104299783706665,12139145.0
2021-10-18,1.0076340436935425,6136915.0
2021-10-19,0.973438024520874,5385225.0
2021-10-20,0.9792580008506775,6708168.0
2021-10-21,1.0141839981079102,7032206.0
2021-10-22,0.97564297914505,5078062.0
2021-10-23,0.9587630033493042,17067210.0
2021-10-24,1.0376249551773071,5531861.0
2021-10-25,1.001325011253357,6325231.0
2021-10-26,1.0054329633712769,12393524.0
2021-10-27,1.0205459594726562,19038335.0
2021-10-28,0.9209929704666138,7170697.0
2021-10-29,0.9414089918136597,5293340.0
2021-10-30,0.9584969878196716,6313187.0
2021-10-31,0.9525250196456909,9579500.0
2021-11-01,0.9847180247306824,5601480.0
2021-11-02,0.9766029715538025,12357173.0
2021-11-03,1.0702810287475586,8964706.0
2021-11-04,1.0075939893722534,6778566.0
2021-11-05,1.0122109651565552,18776530.0
2021-11-06,1.0552279949188232,11866326.0
2021-11-07,1.0359560251235962,5299427.0
2021-11-08,1.0274120569229126,6257991.0
2021-11-09,1.0384989976882935,8903182.0
2021-11-10,1.0716990232467651,8852509.0
2021-11-11,0.9710869789123535,5803509.0
2021-11-12,0.9994620084762573,6907646.0
2021-11-13,1.0138989686965942,3708854.0
2021-11-14,0.9867709875106812,3899240.0
2021-11-15,0.9833930134773254,7294277.0
2021-11-16,0.9678450226783752,6840387.0
2021-11-17,0.8675240278244019,6052061.0
2021-11-18,0.8773880004882812,6138570.0
2021-11-19,0.7703800201416016,4198033.0
2021-11-20,0.8243139982223511,52024829.0
2021-11-21,1.0235869884490967,56459362.0
2021-11-22,0.9949259757995605,10029185.0
2021-11-23,0.9598529934883118,8613047.0
2021-11-24,0.9777820110321045,8576581.0
2021-11-25,0.9288719892501831,7623158.0
2021-11-26,1.0262529850006104,8823867.0
2021-11-27,0.9353989958763123,13424477.0
2021-11-28,1.0166369676589966,23073587.0
2021-11-29,1.0043389797210693,6211453.0
2021-11-30,1.0136439800262451,6950711.0
2021-12-01,0.9523720145225525,5158355.0
2021-12-02,0.9412029981613159,302512552.0
2021-12-03,1.2457209825515747,234785313.0
2021-12-04,1.2285130023956299,45612563.0
2021-12-05,1.0296529531478882,23760566.0
2021-12-06,0.9088649749755859,22079442.0
2021-12-07,0.9167810082435608,51216175.0
2021-12-08,1.051056981086731,160727833.0
2021-12-09,1.0907750129699707,26503493.0
2021-12-10,0.9708560109138489,42503728.0
2021-12-11,1.080801010131836,22637343.0
2021-12-12,1.0196540355682373,21465139.0
2021-12-13,1.086421012878418,17418403.0
2021-12-14,0.9388949871063232,9758679.0
2021-12-15,0.9313790202140808,10646305.0
2021-12-16,0.9759870171546936,22894998.0
2021-12-17,0.9973499774932861,24071891.0
2021-12-18,1.0165660381317139,10205735.0
2021-12-19,1.0041459798812866,8270052.0
2021-12-20,0.9842860102653503,9356105.0
2021-12-21,0.9688050150871277,9495595.0
2021-12-22,0.9866470098495483,9205066.0
2021-12-23,0.9805899858474731,7015552.0
2021-12-24,1.0096629858016968,7607701.0
2021-12-25,0.9911789894104004,5480211.0
2021-12-26,1.0109779834747314,40183010.0
2021-12-27,1.0747040510177612,12873850.0
2021-12-28,1.0463340282440186,7641930.0
2021-12-29,0.9708979725837708,15168934.0
2021-12-30,0.9796860218048096,6781716.0
2021-12-31,0.9820330142974854,5149868.0
2022-01-01,0.9640020132064819,3381879.0
2022-01-02,0.9737539887428284,5271201.0
2022-01-03,0.9803860187530518,6394723.0
2022-01-04,0.9565110206604004,6013728.0
2022-01-05,0.9297119975090027,8342488.0
2022-01-06,0.8484929800033569,4573881.0
2022-01-07,0.8342229723930359,4588414.0
2022-01-08,0.7730000019073486,5242371.0
2022-01-09,0.74652099609375,3453034.0
2022-01-10,0.7475879788398743,5077702.0
2022-01-11,0.6951389908790588,3907141.0
2022-01-12,0.7363240122795105,3330302.0
2022-01-13,0.7601360082626343,9128543.0
2022-01-14,0.7512980103492737,3069499.0
2022-01-15,0.7512339949607849,2257689.0
2022-01-16,0.7577250003814697,2109255.0
2022-01-17,0.7515130043029785,2232702.0
2022-01-18,0.7300549745559692,2495163.0
2022-01-19,0.7206220030784607,2414459.0
2022-01-20,0.6840130090713501,1608456.0
2022-01-21,0.6718249917030334,8080467.0
2022-01-22,0.549468994140625,5564832.0
2022-01-23,0.49166199564933777,2863035.0
2022-01-24,0.5089539885520935,3041739.0
2022-01-25,0.478300005197525,2127747.0
2022-01-26,0.4761449992656708,6553220.0
2022-01-27,0.480677992105484,2383886.0
2022-01-28,0.4817579984664917,1714378.0
2022-01-29,0.4976159930229187,1595454.0
2022-01-30,0.509801983833313,2091623.0
2022-01-31,0.5096480250358582,8904451.0
2022-02-01,0.531548023223877,3062864.0
2022-02-02,0.543599009513855,1937914.0
2022-02-03,0.5084810256958008,2604341.0
2022-02-04,0.5239769816398621,4260705.0
2022-02-05,0.5688869953155518,2190108.0
2022-02-06,0.5664330124855042,1512664.0
2022-02-07,0.564628005027771,4288214.0
2022-02-08,0.604075014591217,4584385.0
2022-02-09,0.5999240279197693,2535214.0
2022-02-10,0.6199960112571716,4469962.0
2022-02-11,0.5932520031929016,5511741.0
2022-02-12,0.5530229806900024,3136613.0
2022-02-13,0.5527499914169312,5202337.0
2022-02-14,0.5443481206893921,5757164.0
