Date,Close,CryptoID,Ticker
2017-11-09,0.0074629997834563255,2017-11-09XVG,XVG
2017-11-10,0.006465999875217676,2017-11-10XVG,XVG
2017-11-11,0.006238000001758337,2017-11-11XVG,XVG
2017-11-12,0.00545400008559227,2017-11-12XVG,XVG
2017-11-13,0.0061240000650286674,2017-11-13XVG,XVG
2017-11-14,0.006213000044226646,2017-11-14XVG,XVG
2017-11-15,0.0065390001982450485,2017-11-15XVG,XVG
2017-11-16,0.006370000075548887,2017-11-16XVG,XVG
2017-11-17,0.006099999882280827,2017-11-17XVG,XVG
2017-11-18,0.00609100004658103,2017-11-18XVG,XVG
2017-11-19,0.006124999839812517,2017-11-19XVG,XVG
2017-11-20,0.0056929998099803925,2017-11-20XVG,XVG
2017-11-21,0.006058999802917242,2017-11-21XVG,XVG
2017-11-22,0.005754999816417694,2017-11-22XVG,XVG
2017-11-23,0.005384999793022871,2017-11-23XVG,XVG
2017-11-24,0.005429999902844429,2017-11-24XVG,XVG
2017-11-25,0.0056039998307824135,2017-11-25XVG,XVG
2017-11-26,0.006802000105381012,2017-11-26XVG,XVG
2017-11-27,0.006533999927341938,2017-11-27XVG,XVG
2017-11-28,0.0063299997709691525,2017-11-28XVG,XVG
2017-11-29,0.0054350001737475395,2017-11-29XVG,XVG
2017-11-30,0.0056119998916983604,2017-11-30XVG,XVG
2017-12-01,0.006196000147610903,2017-12-01XVG,XVG
2017-12-02,0.006140000186860561,2017-12-02XVG,XVG
2017-12-03,0.006723000202327967,2017-12-03XVG,XVG
2017-12-04,0.007803000044077635,2017-12-04XVG,XVG
2017-12-05,0.007732999976724386,2017-12-05XVG,XVG
2017-12-06,0.007999000139534473,2017-12-06XVG,XVG
2017-12-07,0.008828000165522099,2017-12-07XVG,XVG
2017-12-08,0.008793000131845474,2017-12-08XVG,XVG
2017-12-09,0.008588000200688839,2017-12-09XVG,XVG
2017-12-10,0.008294000290334225,2017-12-10XVG,XVG
2017-12-11,0.008766000159084797,2017-12-11XVG,XVG
2017-12-12,0.009329999797046185,2017-12-12XVG,XVG
2017-12-13,0.0148290004581213,2017-12-13XVG,XVG
2017-12-14,0.019107000902295113,2017-12-14XVG,XVG
2017-12-15,0.018862999975681305,2017-12-15XVG,XVG
2017-12-16,0.04069700092077255,2017-12-16XVG,XVG
2017-12-17,0.05213899910449982,2017-12-17XVG,XVG
2017-12-18,0.05956299975514412,2017-12-18XVG,XVG
2017-12-19,0.07830999791622162,2017-12-19XVG,XVG
2017-12-20,0.14305099844932556,2017-12-20XVG,XVG
2017-12-21,0.12831999361515045,2017-12-21XVG,XVG
2017-12-22,0.1248679980635643,2017-12-22XVG,XVG
2017-12-23,0.21439999341964722,2017-12-23XVG,XVG
2017-12-24,0.25544100999832153,2017-12-24XVG,XVG
2017-12-25,0.1622619926929474,2017-12-25XVG,XVG
2017-12-26,0.20042499899864197,2017-12-26XVG,XVG
2017-12-27,0.13819900155067444,2017-12-27XVG,XVG
2017-12-28,0.16590599715709686,2017-12-28XVG,XVG
2017-12-29,0.16067899763584137,2017-12-29XVG,XVG
2017-12-30,0.14208799600601196,2017-12-30XVG,XVG
2017-12-31,0.22259999811649323,2017-12-31XVG,XVG
2018-01-01,0.15613099932670593,2018-01-01XVG,XVG
2018-01-02,0.1449050009250641,2018-01-02XVG,XVG
2018-01-03,0.14522099494934082,2018-01-03XVG,XVG
2018-01-04,0.15918399393558502,2018-01-04XVG,XVG
2018-01-05,0.18111400306224823,2018-01-05XVG,XVG
2018-01-06,0.17418299615383148,2018-01-06XVG,XVG
2018-01-07,0.18195700645446777,2018-01-07XVG,XVG
2018-01-08,0.17838500440120697,2018-01-08XVG,XVG
2018-01-09,0.19605900347232819,2018-01-09XVG,XVG
2018-01-10,0.1686369925737381,2018-01-10XVG,XVG
2018-01-11,0.14427000284194946,2018-01-11XVG,XVG
2018-01-12,0.15898099541664124,2018-01-12XVG,XVG
2018-01-13,0.15672500431537628,2018-01-13XVG,XVG
2018-01-14,0.13822400569915771,2018-01-14XVG,XVG
2018-01-15,0.11651600152254105,2018-01-15XVG,XVG
2018-01-16,0.08523999899625778,2018-01-16XVG,XVG
2018-01-17,0.09077800065279007,2018-01-17XVG,XVG
2018-01-18,0.11409900337457657,2018-01-18XVG,XVG
2018-01-19,0.10712599754333496,2018-01-19XVG,XVG
2018-01-20,0.10921800136566162,2018-01-20XVG,XVG
2018-01-21,0.10414600372314453,2018-01-21XVG,XVG
2018-01-22,0.09456899762153625,2018-01-22XVG,XVG
2018-01-23,0.09331399947404861,2018-01-23XVG,XVG
2018-01-24,0.09346900135278702,2018-01-24XVG,XVG
2018-01-25,0.0901850014925003,2018-01-25XVG,XVG
2018-01-26,0.08815799653530121,2018-01-26XVG,XVG
2018-01-27,0.094200998544693,2018-01-27XVG,XVG
2018-01-28,0.09187000244855881,2018-01-28XVG,XVG
2018-01-29,0.08496899902820587,2018-01-29XVG,XVG
2018-01-30,0.06840799748897552,2018-01-30XVG,XVG
2018-01-31,0.06978700309991837,2018-01-31XVG,XVG
2018-02-01,0.05803399905562401,2018-02-01XVG,XVG
2018-02-02,0.05419600009918213,2018-02-02XVG,XVG
2018-02-03,0.06472799926996231,2018-02-03XVG,XVG
2018-02-04,0.05408399924635887,2018-02-04XVG,XVG
2018-02-05,0.04261099919676781,2018-02-05XVG,XVG
2018-02-06,0.052021998912096024,2018-02-06XVG,XVG
2018-02-07,0.047986000776290894,2018-02-07XVG,XVG
2018-02-08,0.05226200073957443,2018-02-08XVG,XVG
2018-02-09,0.058097999542951584,2018-02-09XVG,XVG
2018-02-10,0.056940000504255295,2018-02-10XVG,XVG
2018-02-11,0.05108699947595596,2018-02-11XVG,XVG
2018-02-12,0.05602100118994713,2018-02-12XVG,XVG
2018-02-13,0.053203001618385315,2018-02-13XVG,XVG
2018-02-14,0.058619000017642975,2018-02-14XVG,XVG
2018-02-15,0.059383999556303024,2018-02-15XVG,XVG
2018-02-16,0.06905999779701233,2018-02-16XVG,XVG
2018-02-17,0.08999600261449814,2018-02-17XVG,XVG
2018-02-18,0.07565999776124954,2018-02-18XVG,XVG
2018-02-19,0.08226899802684784,2018-02-19XVG,XVG
2018-02-20,0.06961499899625778,2018-02-20XVG,XVG
2018-02-21,0.06514199823141098,2018-02-21XVG,XVG
2018-02-22,0.05912899971008301,2018-02-22XVG,XVG
2018-02-23,0.06156500056385994,2018-02-23XVG,XVG
2018-02-24,0.05718399956822395,2018-02-24XVG,XVG
2018-02-25,0.058435000479221344,2018-02-25XVG,XVG
2018-02-26,0.0609779991209507,2018-02-26XVG,XVG
2018-02-27,0.06012300029397011,2018-02-27XVG,XVG
2018-02-28,0.05354699864983559,2018-02-28XVG,XVG
2018-03-01,0.05837399885058403,2018-03-01XVG,XVG
2018-03-02,0.05996000021696091,2018-03-02XVG,XVG
2018-03-03,0.055918000638484955,2018-03-03XVG,XVG
2018-03-04,0.056533001363277435,2018-03-04XVG,XVG
2018-03-05,0.054430000483989716,2018-03-05XVG,XVG
2018-03-06,0.04911499843001366,2018-03-06XVG,XVG
2018-03-07,0.04327499866485596,2018-03-07XVG,XVG
2018-03-08,0.03890800103545189,2018-03-08XVG,XVG
2018-03-09,0.03922700136899948,2018-03-09XVG,XVG
2018-03-10,0.036486998200416565,2018-03-10XVG,XVG
2018-03-11,0.03927399963140488,2018-03-11XVG,XVG
2018-03-12,0.037687998265028,2018-03-12XVG,XVG
2018-03-13,0.03617300093173981,2018-03-13XVG,XVG
2018-03-14,0.03137800097465515,2018-03-14XVG,XVG
2018-03-15,0.03120099939405918,2018-03-15XVG,XVG
2018-03-16,0.032891999930143356,2018-03-16XVG,XVG
2018-03-17,0.028408000245690346,2018-03-17XVG,XVG
2018-03-18,0.029510000720620155,2018-03-18XVG,XVG
2018-03-19,0.03144900128245354,2018-03-19XVG,XVG
2018-03-20,0.03480999916791916,2018-03-20XVG,XVG
2018-03-21,0.03362800180912018,2018-03-21XVG,XVG
2018-03-22,0.03926600143313408,2018-03-22XVG,XVG
2018-03-23,0.03836100175976753,2018-03-23XVG,XVG
2018-03-24,0.04479200020432472,2018-03-24XVG,XVG
2018-03-25,0.04070200026035309,2018-03-25XVG,XVG
2018-03-26,0.044530998915433884,2018-03-26XVG,XVG
2018-03-27,0.03997800126671791,2018-03-27XVG,XVG
2018-03-28,0.04180600121617317,2018-03-28XVG,XVG
2018-03-29,0.03691500052809715,2018-03-29XVG,XVG
2018-03-30,0.035944998264312744,2018-03-30XVG,XVG
2018-03-31,0.03897500038146973,2018-03-31XVG,XVG
2018-04-01,0.04372899979352951,2018-04-01XVG,XVG
2018-04-02,0.047821998596191406,2018-04-02XVG,XVG
2018-04-03,0.07114499807357788,2018-04-03XVG,XVG
2018-04-04,0.05686600133776665,2018-04-04XVG,XVG
2018-04-05,0.05493199825286865,2018-04-05XVG,XVG
2018-04-06,0.058483000844717026,2018-04-06XVG,XVG
2018-04-07,0.0644489973783493,2018-04-07XVG,XVG
2018-04-08,0.0677570030093193,2018-04-08XVG,XVG
2018-04-09,0.07811199873685837,2018-04-09XVG,XVG
2018-04-10,0.08412999659776688,2018-04-10XVG,XVG
2018-04-11,0.08234299719333649,2018-04-11XVG,XVG
2018-04-12,0.09036099910736084,2018-04-12XVG,XVG
2018-04-13,0.09156200289726257,2018-04-13XVG,XVG
2018-04-14,0.08695100247859955,2018-04-14XVG,XVG
2018-04-15,0.09082800149917603,2018-04-15XVG,XVG
2018-04-16,0.09405799955129623,2018-04-16XVG,XVG
2018-04-17,0.07300099730491638,2018-04-17XVG,XVG
2018-04-18,0.06499599665403366,2018-04-18XVG,XVG
2018-04-19,0.07315699756145477,2018-04-19XVG,XVG
2018-04-20,0.06936900317668915,2018-04-20XVG,XVG
2018-04-21,0.06857699900865555,2018-04-21XVG,XVG
2018-04-22,0.06850700080394745,2018-04-22XVG,XVG
2018-04-23,0.06882300227880478,2018-04-23XVG,XVG
2018-04-24,0.06862299889326096,2018-04-24XVG,XVG
2018-04-25,0.06104400008916855,2018-04-25XVG,XVG
2018-04-26,0.07074300199747086,2018-04-26XVG,XVG
2018-04-27,0.06759700179100037,2018-04-27XVG,XVG
2018-04-28,0.07248199731111526,2018-04-28XVG,XVG
2018-04-29,0.07049199938774109,2018-04-29XVG,XVG
2018-04-30,0.07720199972391129,2018-04-30XVG,XVG
2018-05-01,0.07957799732685089,2018-05-01XVG,XVG
2018-05-02,0.08113700151443481,2018-05-02XVG,XVG
2018-05-03,0.07935100048780441,2018-05-03XVG,XVG
2018-05-04,0.07978799939155579,2018-05-04XVG,XVG
2018-05-05,0.07913599908351898,2018-05-05XVG,XVG
2018-05-06,0.07536099851131439,2018-05-06XVG,XVG
2018-05-07,0.07568799704313278,2018-05-07XVG,XVG
2018-05-08,0.07424099743366241,2018-05-08XVG,XVG
2018-05-09,0.0760980024933815,2018-05-09XVG,XVG
2018-05-10,0.06887999922037125,2018-05-10XVG,XVG
2018-05-11,0.05860000103712082,2018-05-11XVG,XVG
2018-05-12,0.05844999849796295,2018-05-12XVG,XVG
2018-05-13,0.062112998217344284,2018-05-13XVG,XVG
2018-05-14,0.059588998556137085,2018-05-14XVG,XVG
2018-05-15,0.05654300004243851,2018-05-15XVG,XVG
2018-05-16,0.05607999861240387,2018-05-16XVG,XVG
2018-05-17,0.05158599838614464,2018-05-17XVG,XVG
2018-05-18,0.0535460002720356,2018-05-18XVG,XVG
2018-05-19,0.05311499908566475,2018-05-19XVG,XVG
2018-05-20,0.05660000070929527,2018-05-20XVG,XVG
2018-05-21,0.05397599935531616,2018-05-21XVG,XVG
2018-05-22,0.047008998692035675,2018-05-22XVG,XVG
2018-05-23,0.04081200063228607,2018-05-23XVG,XVG
2018-05-24,0.043862998485565186,2018-05-24XVG,XVG
2018-05-25,0.04134799912571907,2018-05-25XVG,XVG
2018-05-26,0.039921000599861145,2018-05-26XVG,XVG
2018-05-27,0.04000699892640114,2018-05-27XVG,XVG
2018-05-28,0.03508400171995163,2018-05-28XVG,XVG
2018-05-29,0.03864400088787079,2018-05-29XVG,XVG
2018-05-30,0.03798599913716316,2018-05-30XVG,XVG
2018-05-31,0.039027001708745956,2018-05-31XVG,XVG
2018-06-01,0.03859800100326538,2018-06-01XVG,XVG
2018-06-02,0.04074700176715851,2018-06-02XVG,XVG
2018-06-03,0.04264499992132187,2018-06-03XVG,XVG
2018-06-04,0.03945799916982651,2018-06-04XVG,XVG
2018-06-05,0.03953000158071518,2018-06-05XVG,XVG
2018-06-06,0.038798000663518906,2018-06-06XVG,XVG
2018-06-07,0.03820300102233887,2018-06-07XVG,XVG
2018-06-08,0.039069999009370804,2018-06-08XVG,XVG
2018-06-09,0.03688599914312363,2018-06-09XVG,XVG
2018-06-10,0.031429000198841095,2018-06-10XVG,XVG
2018-06-11,0.03239800035953522,2018-06-11XVG,XVG
2018-06-12,0.027775000780820847,2018-06-12XVG,XVG
2018-06-13,0.027197999879717827,2018-06-13XVG,XVG
2018-06-14,0.03012399934232235,2018-06-14XVG,XVG
2018-06-15,0.028131000697612762,2018-06-15XVG,XVG
2018-06-16,0.028046999126672745,2018-06-16XVG,XVG
2018-06-17,0.028108999133110046,2018-06-17XVG,XVG
2018-06-18,0.02923399955034256,2018-06-18XVG,XVG
2018-06-19,0.029954999685287476,2018-06-19XVG,XVG
2018-06-20,0.029092999175190926,2018-06-20XVG,XVG
2018-06-21,0.027994999662041664,2018-06-21XVG,XVG
2018-06-22,0.02449299953877926,2018-06-22XVG,XVG
2018-06-23,0.024438999593257904,2018-06-23XVG,XVG
2018-06-24,0.023767000064253807,2018-06-24XVG,XVG
2018-06-25,0.02386399917304516,2018-06-25XVG,XVG
2018-06-26,0.022614000365138054,2018-06-26XVG,XVG
2018-06-27,0.02276499941945076,2018-06-27XVG,XVG
2018-06-28,0.020990999415516853,2018-06-28XVG,XVG
2018-06-29,0.022556999698281288,2018-06-29XVG,XVG
2018-06-30,0.023422999307513237,2018-06-30XVG,XVG
2018-07-01,0.025141000747680664,2018-07-01XVG,XVG
2018-07-02,0.027017999440431595,2018-07-02XVG,XVG
2018-07-03,0.02600499987602234,2018-07-03XVG,XVG
2018-07-04,0.026186000555753708,2018-07-04XVG,XVG
2018-07-05,0.024613000452518463,2018-07-05XVG,XVG
2018-07-06,0.0243500005453825,2018-07-06XVG,XVG
2018-07-07,0.02621999941766262,2018-07-07XVG,XVG
2018-07-08,0.02564300037920475,2018-07-08XVG,XVG
2018-07-09,0.024687999859452248,2018-07-09XVG,XVG
2018-07-10,0.02177399955689907,2018-07-10XVG,XVG
2018-07-11,0.022228000685572624,2018-07-11XVG,XVG
2018-07-12,0.021428000181913376,2018-07-12XVG,XVG
2018-07-13,0.022004999220371246,2018-07-13XVG,XVG
2018-07-14,0.02195099927484989,2018-07-14XVG,XVG
2018-07-15,0.023051999509334564,2018-07-15XVG,XVG
2018-07-16,0.024887999519705772,2018-07-16XVG,XVG
2018-07-17,0.02616400085389614,2018-07-17XVG,XVG
2018-07-18,0.02613300085067749,2018-07-18XVG,XVG
2018-07-19,0.02524399943649769,2018-07-19XVG,XVG
2018-07-20,0.0226879995316267,2018-07-20XVG,XVG
2018-07-21,0.023360999301075935,2018-07-21XVG,XVG
2018-07-22,0.02277499996125698,2018-07-22XVG,XVG
2018-07-23,0.02251099981367588,2018-07-23XVG,XVG
2018-07-24,0.023847000673413277,2018-07-24XVG,XVG
2018-07-25,0.02436400018632412,2018-07-25XVG,XVG
2018-07-26,0.023063000291585922,2018-07-26XVG,XVG
2018-07-27,0.023656999692320824,2018-07-27XVG,XVG
2018-07-28,0.023499999195337296,2018-07-28XVG,XVG
2018-07-29,0.023591000586748123,2018-07-29XVG,XVG
2018-07-30,0.02437400072813034,2018-07-30XVG,XVG
2018-07-31,0.023892000317573547,2018-07-31XVG,XVG
2018-08-01,0.022789999842643738,2018-08-01XVG,XVG
2018-08-02,0.02100200019776821,2018-08-02XVG,XVG
2018-08-03,0.019618000835180283,2018-08-03XVG,XVG
2018-08-04,0.01849300041794777,2018-08-04XVG,XVG
2018-08-05,0.01895200088620186,2018-08-05XVG,XVG
2018-08-06,0.018084000796079636,2018-08-06XVG,XVG
2018-08-07,0.017368000000715256,2018-08-07XVG,XVG
2018-08-08,0.015037000179290771,2018-08-08XVG,XVG
2018-08-09,0.015691999346017838,2018-08-09XVG,XVG
2018-08-10,0.01399100013077259,2018-08-10XVG,XVG
2018-08-11,0.013333999551832676,2018-08-11XVG,XVG
2018-08-12,0.013321000151336193,2018-08-12XVG,XVG
2018-08-13,0.011773999780416489,2018-08-13XVG,XVG
2018-08-14,0.0114120002835989,2018-08-14XVG,XVG
2018-08-15,0.0114139998331666,2018-08-15XVG,XVG
2018-08-16,0.011843999847769737,2018-08-16XVG,XVG
2018-08-17,0.015363000333309174,2018-08-17XVG,XVG
2018-08-18,0.013799999840557575,2018-08-18XVG,XVG
2018-08-19,0.014310999773442745,2018-08-19XVG,XVG
2018-08-20,0.013110999949276447,2018-08-20XVG,XVG
2018-08-21,0.013164999894797802,2018-08-21XVG,XVG
2018-08-22,0.01255400013178587,2018-08-22XVG,XVG
2018-08-23,0.012818999588489532,2018-08-23XVG,XVG
2018-08-24,0.013681000098586082,2018-08-24XVG,XVG
2018-08-25,0.013824000023305416,2018-08-25XVG,XVG
2018-08-26,0.01368200033903122,2018-08-26XVG,XVG
2018-08-27,0.014476999640464783,2018-08-27XVG,XVG
2018-08-28,0.015699999406933784,2018-08-28XVG,XVG
2018-08-29,0.01473500020802021,2018-08-29XVG,XVG
2018-08-30,0.014183999970555305,2018-08-30XVG,XVG
2018-08-31,0.014560000039637089,2018-08-31XVG,XVG
2018-09-01,0.017636999487876892,2018-09-01XVG,XVG
2018-09-02,0.018664000555872917,2018-09-02XVG,XVG
2018-09-03,0.01805800013244152,2018-09-03XVG,XVG
2018-09-04,0.018126999959349632,2018-09-04XVG,XVG
2018-09-05,0.014492000453174114,2018-09-05XVG,XVG
2018-09-06,0.014619000256061554,2018-09-06XVG,XVG
2018-09-07,0.013880000449717045,2018-09-07XVG,XVG
2018-09-08,0.012973999604582787,2018-09-08XVG,XVG
2018-09-09,0.012947999872267246,2018-09-09XVG,XVG
2018-09-10,0.012729999609291553,2018-09-10XVG,XVG
2018-09-11,0.012276999652385712,2018-09-11XVG,XVG
2018-09-12,0.012900999747216702,2018-09-12XVG,XVG
2018-09-13,0.013496999628841877,2018-09-13XVG,XVG
2018-09-14,0.013295999728143215,2018-09-14XVG,XVG
2018-09-15,0.013527000322937965,2018-09-15XVG,XVG
2018-09-16,0.0137339998036623,2018-09-16XVG,XVG
2018-09-17,0.01281300000846386,2018-09-17XVG,XVG
2018-09-18,0.013332000002264977,2018-09-18XVG,XVG
2018-09-19,0.013507000170648098,2018-09-19XVG,XVG
2018-09-20,0.014593999832868576,2018-09-20XVG,XVG
2018-09-21,0.015974000096321106,2018-09-21XVG,XVG
2018-09-22,0.01486000046133995,2018-09-22XVG,XVG
2018-09-23,0.015285000205039978,2018-09-23XVG,XVG
2018-09-24,0.01447100006043911,2018-09-24XVG,XVG
2018-09-25,0.013910000212490559,2018-09-25XVG,XVG
2018-09-26,0.013887000270187855,2018-09-26XVG,XVG
2018-09-27,0.014798000454902649,2018-09-27XVG,XVG
2018-09-28,0.014279000461101532,2018-09-28XVG,XVG
2018-09-29,0.014766000211238861,2018-09-29XVG,XVG
2018-09-30,0.015184000134468079,2018-09-30XVG,XVG
2018-10-01,0.016330000013113022,2018-10-01XVG,XVG
2018-10-02,0.015092999674379826,2018-10-02XVG,XVG
2018-10-03,0.014848999679088593,2018-10-03XVG,XVG
2018-10-04,0.015630999580025673,2018-10-04XVG,XVG
2018-10-05,0.015588000416755676,2018-10-05XVG,XVG
2018-10-06,0.015440000221133232,2018-10-06XVG,XVG
2018-10-07,0.015581999905407429,2018-10-07XVG,XVG
2018-10-08,0.01610100083053112,2018-10-08XVG,XVG
2018-10-09,0.016015000641345978,2018-10-09XVG,XVG
2018-10-10,0.016603000462055206,2018-10-10XVG,XVG
2018-10-11,0.014128999784588814,2018-10-11XVG,XVG
2018-10-12,0.014124000445008278,2018-10-12XVG,XVG
2018-10-13,0.014084000140428543,2018-10-13XVG,XVG
2018-10-14,0.013945999555289745,2018-10-14XVG,XVG
2018-10-15,0.014573999680578709,2018-10-15XVG,XVG
2018-10-16,0.01431300025433302,2018-10-16XVG,XVG
2018-10-17,0.014437000267207623,2018-10-17XVG,XVG
2018-10-18,0.01397200021892786,2018-10-18XVG,XVG
2018-10-19,0.0142000000923872,2018-10-19XVG,XVG
2018-10-20,0.014294999651610851,2018-10-20XVG,XVG
2018-10-21,0.014437000267207623,2018-10-21XVG,XVG
2018-10-22,0.014135000295937061,2018-10-22XVG,XVG
2018-10-23,0.014526999555528164,2018-10-23XVG,XVG
2018-10-24,0.014667999930679798,2018-10-24XVG,XVG
2018-10-25,0.01448999997228384,2018-10-25XVG,XVG
2018-10-26,0.014607000164687634,2018-10-26XVG,XVG
2018-10-27,0.014523999765515327,2018-10-27XVG,XVG
2018-10-28,0.014720000326633453,2018-10-28XVG,XVG
2018-10-29,0.013787999749183655,2018-10-29XVG,XVG
2018-10-30,0.01360199972987175,2018-10-30XVG,XVG
2018-10-31,0.013698999769985676,2018-10-31XVG,XVG
2018-11-01,0.013749999925494194,2018-11-01XVG,XVG
2018-11-02,0.013817000202834606,2018-11-02XVG,XVG
2018-11-03,0.014006000012159348,2018-11-03XVG,XVG
2018-11-04,0.01399299968034029,2018-11-04XVG,XVG
2018-11-05,0.013491000048816204,2018-11-05XVG,XVG
2018-11-06,0.013886000029742718,2018-11-06XVG,XVG
2018-11-07,0.013848000206053257,2018-11-07XVG,XVG
2018-11-08,0.013504000380635262,2018-11-08XVG,XVG
2018-11-09,0.013155000284314156,2018-11-09XVG,XVG
2018-11-10,0.01319000031799078,2018-11-10XVG,XVG
2018-11-11,0.012930000200867653,2018-11-11XVG,XVG
2018-11-12,0.012807999737560749,2018-11-12XVG,XVG
2018-11-13,0.012357999570667744,2018-11-13XVG,XVG
2018-11-14,0.010559000074863434,2018-11-14XVG,XVG
2018-11-15,0.009975999593734741,2018-11-15XVG,XVG
2018-11-16,0.009746000170707703,2018-11-16XVG,XVG
2018-11-17,0.009580000303685665,2018-11-17XVG,XVG
2018-11-18,0.009650000371038914,2018-11-18XVG,XVG
2018-11-19,0.0076299998909235,2018-11-19XVG,XVG
2018-11-20,0.006736000068485737,2018-11-20XVG,XVG
2018-11-21,0.007240000180900097,2018-11-21XVG,XVG
2018-11-22,0.006634000223129988,2018-11-22XVG,XVG
2018-11-23,0.006399999838322401,2018-11-23XVG,XVG
2018-11-24,0.0056859999895095825,2018-11-24XVG,XVG
2018-11-25,0.005921000149101019,2018-11-25XVG,XVG
2018-11-26,0.005545999854803085,2018-11-26XVG,XVG
2018-11-27,0.006062000058591366,2018-11-27XVG,XVG
2018-11-28,0.008202999830245972,2018-11-28XVG,XVG
2018-11-29,0.008128000423312187,2018-11-29XVG,XVG
2018-11-30,0.00748400017619133,2018-11-30XVG,XVG
2018-12-01,0.007872999645769596,2018-12-01XVG,XVG
2018-12-02,0.007838999852538109,2018-12-02XVG,XVG
2018-12-03,0.007096999790519476,2018-12-03XVG,XVG
2018-12-04,0.007187000010162592,2018-12-04XVG,XVG
2018-12-05,0.0066109998151659966,2018-12-05XVG,XVG
2018-12-06,0.005716000217944384,2018-12-06XVG,XVG
2018-12-07,0.006074999924749136,2018-12-07XVG,XVG
2018-12-08,0.006054999772459269,2018-12-08XVG,XVG
2018-12-09,0.006302999798208475,2018-12-09XVG,XVG
2018-12-10,0.005921999923884869,2018-12-10XVG,XVG
2018-12-11,0.005716999992728233,2018-12-11XVG,XVG
2018-12-12,0.005903000012040138,2018-12-12XVG,XVG
2018-12-13,0.0055610002018511295,2018-12-13XVG,XVG
2018-12-14,0.005702999886125326,2018-12-14XVG,XVG
2018-12-15,0.005642999894917011,2018-12-15XVG,XVG
2018-12-16,0.005625000223517418,2018-12-16XVG,XVG
2018-12-17,0.0062870001420378685,2018-12-17XVG,XVG
2018-12-18,0.006606999784708023,2018-12-18XVG,XVG
2018-12-19,0.006965000182390213,2018-12-19XVG,XVG
2018-12-20,0.008293000049889088,2018-12-20XVG,XVG
2018-12-21,0.007662000134587288,2018-12-21XVG,XVG
2018-12-22,0.00802099984139204,2018-12-22XVG,XVG
2018-12-23,0.008132999762892723,2018-12-23XVG,XVG
2018-12-24,0.00838799960911274,2018-12-24XVG,XVG
2018-12-25,0.00747800013050437,2018-12-25XVG,XVG
2018-12-26,0.0075170001946389675,2018-12-26XVG,XVG
2018-12-27,0.0066999997943639755,2018-12-27XVG,XVG
2018-12-28,0.0075090001337230206,2018-12-28XVG,XVG
2018-12-29,0.007230999879539013,2018-12-29XVG,XVG
2018-12-30,0.007269999943673611,2018-12-30XVG,XVG
2018-12-31,0.006864000111818314,2018-12-31XVG,XVG
2019-01-01,0.007052999921143055,2019-01-01XVG,XVG
2019-01-02,0.0071829999797046185,2019-01-02XVG,XVG
2019-01-03,0.00698099983856082,2019-01-03XVG,XVG
2019-01-04,0.006907999981194735,2019-01-04XVG,XVG
2019-01-05,0.00698699988424778,2019-01-05XVG,XVG
2019-01-06,0.007414999883621931,2019-01-06XVG,XVG
2019-01-07,0.007203000131994486,2019-01-07XVG,XVG
2019-01-08,0.007174000144004822,2019-01-08XVG,XVG
2019-01-09,0.007247000001370907,2019-01-09XVG,XVG
2019-01-10,0.0075980001129209995,2019-01-10XVG,XVG
2019-01-11,0.007178000174462795,2019-01-11XVG,XVG
2019-01-12,0.006876000203192234,2019-01-12XVG,XVG
2019-01-13,0.006407000124454498,2019-01-13XVG,XVG
2019-01-14,0.006959000136703253,2019-01-14XVG,XVG
2019-01-15,0.006816999986767769,2019-01-15XVG,XVG
2019-01-16,0.006899999920278788,2019-01-16XVG,XVG
2019-01-17,0.006831999868154526,2019-01-17XVG,XVG
2019-01-18,0.006684999912977219,2019-01-18XVG,XVG
2019-01-19,0.006941999774426222,2019-01-19XVG,XVG
2019-01-20,0.00660800002515316,2019-01-20XVG,XVG
2019-01-21,0.006626000162214041,2019-01-21XVG,XVG
2019-01-22,0.0067079998552799225,2019-01-22XVG,XVG
2019-01-23,0.006732999812811613,2019-01-23XVG,XVG
2019-01-24,0.0067349998280406,2019-01-24XVG,XVG
2019-01-25,0.006657000165432692,2019-01-25XVG,XVG
2019-01-26,0.0066269999369978905,2019-01-26XVG,XVG
2019-01-27,0.006444000173360109,2019-01-27XVG,XVG
2019-01-28,0.006087999790906906,2019-01-28XVG,XVG
2019-01-29,0.006062000058591366,2019-01-29XVG,XVG
2019-01-30,0.006194999907165766,2019-01-30XVG,XVG
2019-01-31,0.005931000225245953,2019-01-31XVG,XVG
2019-02-01,0.005963999778032303,2019-02-01XVG,XVG
2019-02-02,0.006041999906301498,2019-02-02XVG,XVG
2019-02-03,0.005828999914228916,2019-02-03XVG,XVG
2019-02-04,0.005880000069737434,2019-02-04XVG,XVG
2019-02-05,0.005745000205934048,2019-02-05XVG,XVG
2019-02-06,0.0056059998460114,2019-02-06XVG,XVG
2019-02-07,0.005644000135362148,2019-02-07XVG,XVG
2019-02-08,0.006051999982446432,2019-02-08XVG,XVG
2019-02-09,0.006130000110715628,2019-02-09XVG,XVG
2019-02-10,0.006171000190079212,2019-02-10XVG,XVG
2019-02-11,0.005994000006467104,2019-02-11XVG,XVG
2019-02-12,0.006047999951988459,2019-02-12XVG,XVG
2019-02-13,0.0059819999150931835,2019-02-13XVG,XVG
2019-02-14,0.005900000222027302,2019-02-14XVG,XVG
2019-02-15,0.005985000170767307,2019-02-15XVG,XVG
2019-02-16,0.005979000125080347,2019-02-16XVG,XVG
2019-02-17,0.006002999842166901,2019-02-17XVG,XVG
2019-02-18,0.006364999804645777,2019-02-18XVG,XVG
2019-02-19,0.006436999887228012,2019-02-19XVG,XVG
2019-02-20,0.006473999936133623,2019-02-20XVG,XVG
2019-02-21,0.006326999980956316,2019-02-21XVG,XVG
2019-02-22,0.006525000091642141,2019-02-22XVG,XVG
2019-02-23,0.00673400005325675,2019-02-23XVG,XVG
2019-02-24,0.005985000170767307,2019-02-24XVG,XVG
2019-02-25,0.0060430001467466354,2019-02-25XVG,XVG
2019-02-26,0.006118999794125557,2019-02-26XVG,XVG
2019-02-27,0.00599699979647994,2019-02-27XVG,XVG
2019-02-28,0.005969999823719263,2019-02-28XVG,XVG
2019-03-01,0.00608500000089407,2019-03-01XVG,XVG
2019-03-02,0.006056000012904406,2019-03-02XVG,XVG
2019-03-03,0.007000000216066837,2019-03-03XVG,XVG
2019-03-04,0.00620400020852685,2019-03-04XVG,XVG
2019-03-05,0.006351999938488007,2019-03-05XVG,XVG
2019-03-06,0.0062790000811219215,2019-03-06XVG,XVG
2019-03-07,0.006287999916821718,2019-03-07XVG,XVG
2019-03-08,0.006312000099569559,2019-03-08XVG,XVG
2019-03-09,0.006463999859988689,2019-03-09XVG,XVG
2019-03-10,0.006426999811083078,2019-03-10XVG,XVG
2019-03-11,0.006308000069111586,2019-03-11XVG,XVG
2019-03-12,0.006599999964237213,2019-03-12XVG,XVG
2019-03-13,0.006527000106871128,2019-03-13XVG,XVG
2019-03-14,0.006936999969184399,2019-03-14XVG,XVG
2019-03-15,0.007172000128775835,2019-03-15XVG,XVG
2019-03-16,0.0070409998297691345,2019-03-16XVG,XVG
2019-03-17,0.007158999796956778,2019-03-17XVG,XVG
2019-03-18,0.006850000005215406,2019-03-18XVG,XVG
2019-03-19,0.0069610001519322395,2019-03-19XVG,XVG
2019-03-20,0.007513000164180994,2019-03-20XVG,XVG
2019-03-21,0.007342000026255846,2019-03-21XVG,XVG
2019-03-22,0.007420999929308891,2019-03-22XVG,XVG
2019-03-23,0.0075610000640153885,2019-03-23XVG,XVG
2019-03-24,0.0074339997954666615,2019-03-24XVG,XVG
2019-03-25,0.007197999861091375,2019-03-25XVG,XVG
2019-03-26,0.006752000190317631,2019-03-26XVG,XVG
2019-03-27,0.007530999835580587,2019-03-27XVG,XVG
2019-03-28,0.007641000207513571,2019-03-28XVG,XVG
2019-03-29,0.007185999769717455,2019-03-29XVG,XVG
2019-03-30,0.007127999793738127,2019-03-30XVG,XVG
2019-03-31,0.0074789999052882195,2019-03-31XVG,XVG
2019-04-01,0.007408999837934971,2019-04-01XVG,XVG
2019-04-02,0.008337000384926796,2019-04-02XVG,XVG
2019-04-03,0.008539999835193157,2019-04-03XVG,XVG
2019-04-04,0.008634000085294247,2019-04-04XVG,XVG
2019-04-05,0.008996999822556973,2019-04-05XVG,XVG
2019-04-06,0.00889899954199791,2019-04-06XVG,XVG
2019-04-07,0.009603000245988369,2019-04-07XVG,XVG
2019-04-08,0.01082799956202507,2019-04-08XVG,XVG
2019-04-09,0.009875000454485416,2019-04-09XVG,XVG
2019-04-10,0.010087000206112862,2019-04-10XVG,XVG
2019-04-11,0.008721999824047089,2019-04-11XVG,XVG
2019-04-12,0.008887999691069126,2019-04-12XVG,XVG
2019-04-13,0.00864499993622303,2019-04-13XVG,XVG
2019-04-14,0.008806999772787094,2019-04-14XVG,XVG
2019-04-15,0.008256999775767326,2019-04-15XVG,XVG
2019-04-16,0.00864499993622303,2019-04-16XVG,XVG
2019-04-17,0.008604999631643295,2019-04-17XVG,XVG
2019-04-18,0.008627000264823437,2019-04-18XVG,XVG
2019-04-19,0.008546000346541405,2019-04-19XVG,XVG
2019-04-20,0.008472000248730183,2019-04-20XVG,XVG
2019-04-21,0.008213999681174755,2019-04-21XVG,XVG
2019-04-22,0.008503999561071396,2019-04-22XVG,XVG
2019-04-23,0.008829999715089798,2019-04-23XVG,XVG
2019-04-24,0.008163999766111374,2019-04-24XVG,XVG
2019-04-25,0.007666999939829111,2019-04-25XVG,XVG
2019-04-26,0.007519999984651804,2019-04-26XVG,XVG
2019-04-27,0.007687999866902828,2019-04-27XVG,XVG
2019-04-28,0.007557999808341265,2019-04-28XVG,XVG
2019-04-29,0.007158000022172928,2019-04-29XVG,XVG
2019-04-30,0.007480999920517206,2019-04-30XVG,XVG
2019-05-01,0.007546999957412481,2019-05-01XVG,XVG
2019-05-02,0.007441000081598759,2019-05-02XVG,XVG
2019-05-03,0.007402999792248011,2019-05-03XVG,XVG
2019-05-04,0.007067999802529812,2019-05-04XVG,XVG
2019-05-05,0.007065999787300825,2019-05-05XVG,XVG
2019-05-06,0.00711299991235137,2019-05-06XVG,XVG
2019-05-07,0.006816000211983919,2019-05-07XVG,XVG
2019-05-08,0.006757999770343304,2019-05-08XVG,XVG
2019-05-09,0.006300999782979488,2019-05-09XVG,XVG
2019-05-10,0.007067000027745962,2019-05-10XVG,XVG
2019-05-11,0.007559000048786402,2019-05-11XVG,XVG
2019-05-12,0.007127999793738127,2019-05-12XVG,XVG
2019-05-13,0.00736499996855855,2019-05-13XVG,XVG
2019-05-14,0.007757000159472227,2019-05-14XVG,XVG
2019-05-15,0.010262000374495983,2019-05-15XVG,XVG
2019-05-16,0.010859999805688858,2019-05-16XVG,XVG
2019-05-17,0.00965499971061945,2019-05-17XVG,XVG
2019-05-18,0.009188000112771988,2019-05-18XVG,XVG
2019-05-19,0.010967999696731567,2019-05-19XVG,XVG
2019-05-20,0.01038500014692545,2019-05-20XVG,XVG
2019-05-21,0.010929999873042107,2019-05-21XVG,XVG
2019-05-22,0.01065799966454506,2019-05-22XVG,XVG
2019-05-23,0.011491999961435795,2019-05-23XVG,XVG
2019-05-24,0.01083999965339899,2019-05-24XVG,XVG
2019-05-25,0.011025999672710896,2019-05-25XVG,XVG
2019-05-26,0.010951999574899673,2019-05-26XVG,XVG
2019-05-27,0.01118599995970726,2019-05-27XVG,XVG
2019-05-28,0.010608999989926815,2019-05-28XVG,XVG
2019-05-29,0.010428999550640583,2019-05-29XVG,XVG
2019-05-30,0.009623999707400799,2019-05-30XVG,XVG
2019-05-31,0.009987999685108662,2019-05-31XVG,XVG
2019-06-01,0.010102000087499619,2019-06-01XVG,XVG
2019-06-02,0.010172000154852867,2019-06-02XVG,XVG
2019-06-03,0.009205999784171581,2019-06-03XVG,XVG
2019-06-04,0.008522000163793564,2019-06-04XVG,XVG
2019-06-05,0.008696000091731548,2019-06-05XVG,XVG
2019-06-06,0.009046999737620354,2019-06-06XVG,XVG
2019-06-07,0.00930699985474348,2019-06-07XVG,XVG
2019-06-08,0.009026999585330486,2019-06-08XVG,XVG
2019-06-09,0.008523999713361263,2019-06-09XVG,XVG
2019-06-10,0.009184000082314014,2019-06-10XVG,XVG
2019-06-11,0.00902200024574995,2019-06-11XVG,XVG
2019-06-12,0.009260999970138073,2019-06-12XVG,XVG
2019-06-13,0.009127000346779823,2019-06-13XVG,XVG
2019-06-14,0.008833999745547771,2019-06-14XVG,XVG
2019-06-15,0.009215000085532665,2019-06-15XVG,XVG
2019-06-16,0.009219000115990639,2019-06-16XVG,XVG
2019-06-17,0.009247000329196453,2019-06-17XVG,XVG
2019-06-18,0.009027999825775623,2019-06-18XVG,XVG
2019-06-19,0.00926399976015091,2019-06-19XVG,XVG
2019-06-20,0.008918999694287777,2019-06-20XVG,XVG
2019-06-21,0.008747000247240067,2019-06-21XVG,XVG
2019-06-22,0.009204999543726444,2019-06-22XVG,XVG
2019-06-23,0.009464000351727009,2019-06-23XVG,XVG
2019-06-24,0.009248999878764153,2019-06-24XVG,XVG
2019-06-25,0.009465999901294708,2019-06-25XVG,XVG
2019-06-26,0.008715000003576279,2019-06-26XVG,XVG
2019-06-27,0.007840000092983246,2019-06-27XVG,XVG
2019-06-28,0.008209999650716782,2019-06-28XVG,XVG
2019-06-29,0.008438999764621258,2019-06-29XVG,XVG
2019-06-30,0.0077599999494850636,2019-06-30XVG,XVG
2019-07-01,0.008004999719560146,2019-07-01XVG,XVG
2019-07-02,0.007643999997526407,2019-07-02XVG,XVG
2019-07-03,0.007790000177919865,2019-07-03XVG,XVG
2019-07-04,0.007391999941319227,2019-07-04XVG,XVG
2019-07-05,0.007284000050276518,2019-07-05XVG,XVG
2019-07-06,0.007468999829143286,2019-07-06XVG,XVG
2019-07-07,0.007697000168263912,2019-07-07XVG,XVG
2019-07-08,0.007706000003963709,2019-07-08XVG,XVG
2019-07-09,0.007536000106483698,2019-07-09XVG,XVG
2019-07-10,0.007373000029474497,2019-07-10XVG,XVG
2019-07-11,0.006513000000268221,2019-07-11XVG,XVG
2019-07-12,0.0067529999651014805,2019-07-12XVG,XVG
2019-07-13,0.006761999800801277,2019-07-13XVG,XVG
2019-07-14,0.0059819999150931835,2019-07-14XVG,XVG
2019-07-15,0.006221999879926443,2019-07-15XVG,XVG
2019-07-16,0.005342000164091587,2019-07-16XVG,XVG
2019-07-17,0.005683000199496746,2019-07-17XVG,XVG
2019-07-18,0.00610999995842576,2019-07-18XVG,XVG
2019-07-19,0.006000000052154064,2019-07-19XVG,XVG
2019-07-20,0.006169999949634075,2019-07-20XVG,XVG
2019-07-21,0.006107000168412924,2019-07-21XVG,XVG
2019-07-22,0.005973000079393387,2019-07-22XVG,XVG
2019-07-23,0.005710000172257423,2019-07-23XVG,XVG
2019-07-24,0.00583800021559,2019-07-24XVG,XVG
2019-07-25,0.005915999878197908,2019-07-25XVG,XVG
2019-07-26,0.006287999916821718,2019-07-26XVG,XVG
2019-07-27,0.005890999920666218,2019-07-27XVG,XVG
2019-07-28,0.0057470002211630344,2019-07-28XVG,XVG
2019-07-29,0.005661999806761742,2019-07-29XVG,XVG
2019-07-30,0.005696999840438366,2019-07-30XVG,XVG
2019-07-31,0.00571999978274107,2019-07-31XVG,XVG
2019-08-01,0.005497000180184841,2019-08-01XVG,XVG
2019-08-02,0.005433000158518553,2019-08-02XVG,XVG
2019-08-03,0.0056870002299547195,2019-08-03XVG,XVG
2019-08-04,0.005950999911874533,2019-08-04XVG,XVG
2019-08-05,0.005628999788314104,2019-08-05XVG,XVG
2019-08-06,0.005475999787449837,2019-08-06XVG,XVG
2019-08-07,0.005487999878823757,2019-08-07XVG,XVG
2019-08-08,0.0053460001945495605,2019-08-08XVG,XVG
2019-08-09,0.00482999999076128,2019-08-09XVG,XVG
2019-08-10,0.0048329997807741165,2019-08-10XVG,XVG
2019-08-11,0.005047000013291836,2019-08-11XVG,XVG
2019-08-12,0.0051369997672736645,2019-08-12XVG,XVG
2019-08-13,0.004757999908179045,2019-08-13XVG,XVG
2019-08-14,0.00443900004029274,2019-08-14XVG,XVG
2019-08-15,0.004406999796628952,2019-08-15XVG,XVG
2019-08-16,0.004935000091791153,2019-08-16XVG,XVG
2019-08-17,0.005121999885886908,2019-08-17XVG,XVG
2019-08-18,0.005384999793022871,2019-08-18XVG,XVG
2019-08-19,0.0052559999749064445,2019-08-19XVG,XVG
2019-08-20,0.005371000152081251,2019-08-20XVG,XVG
2019-08-21,0.004937999881803989,2019-08-21XVG,XVG
2019-08-22,0.005115999840199947,2019-08-22XVG,XVG
2019-08-23,0.005179000087082386,2019-08-23XVG,XVG
2019-08-24,0.005286999978125095,2019-08-24XVG,XVG
2019-08-25,0.005373999942094088,2019-08-25XVG,XVG
2019-08-26,0.005330000072717667,2019-08-26XVG,XVG
2019-08-27,0.0053369998931884766,2019-08-27XVG,XVG
2019-08-28,0.004579000174999237,2019-08-28XVG,XVG
2019-08-29,0.0044109998270869255,2019-08-29XVG,XVG
2019-08-30,0.0045739999040961266,2019-08-30XVG,XVG
2019-08-31,0.004521999973803759,2019-08-31XVG,XVG
2019-09-01,0.004573000129312277,2019-09-01XVG,XVG
2019-09-02,0.004569000098854303,2019-09-02XVG,XVG
2019-09-03,0.004478000104427338,2019-09-03XVG,XVG
2019-09-04,0.004459000192582607,2019-09-04XVG,XVG
2019-09-05,0.004341000225394964,2019-09-05XVG,XVG
2019-09-06,0.004195000045001507,2019-09-06XVG,XVG
2019-09-07,0.0044120000675320625,2019-09-07XVG,XVG
2019-09-08,0.004424000158905983,2019-09-08XVG,XVG
2019-09-09,0.004639000166207552,2019-09-09XVG,XVG
2019-09-10,0.004561999812722206,2019-09-10XVG,XVG
2019-09-11,0.004304999951273203,2019-09-11XVG,XVG
2019-09-12,0.004290000069886446,2019-09-12XVG,XVG
2019-09-13,0.004251000005751848,2019-09-13XVG,XVG
2019-09-14,0.00431300001218915,2019-09-14XVG,XVG
2019-09-15,0.004404999781399965,2019-09-15XVG,XVG
2019-09-16,0.00430600019171834,2019-09-16XVG,XVG
2019-09-17,0.004468999803066254,2019-09-17XVG,XVG
2019-09-18,0.004720999859273434,2019-09-18XVG,XVG
2019-09-19,0.004602999892085791,2019-09-19XVG,XVG
2019-09-20,0.0045460001565515995,2019-09-20XVG,XVG
2019-09-21,0.004437999799847603,2019-09-21XVG,XVG
2019-09-22,0.004401999991387129,2019-09-22XVG,XVG
2019-09-23,0.00405400013551116,2019-09-23XVG,XVG
2019-09-24,0.003306000027805567,2019-09-24XVG,XVG
2019-09-25,0.003406000090762973,2019-09-25XVG,XVG
2019-09-26,0.0032250001095235348,2019-09-26XVG,XVG
2019-09-27,0.003425000002607703,2019-09-27XVG,XVG
2019-09-28,0.0032730000093579292,2019-09-28XVG,XVG
2019-09-29,0.0031850000377744436,2019-09-29XVG,XVG
2019-09-30,0.0033970000222325325,2019-09-30XVG,XVG
2019-10-01,0.0032889998983591795,2019-10-01XVG,XVG
2019-10-02,0.003232999937608838,2019-10-02XVG,XVG
2019-10-03,0.0032500000670552254,2019-10-03XVG,XVG
2019-10-04,0.00329799996688962,2019-10-04XVG,XVG
2019-10-05,0.003352999920025468,2019-10-05XVG,XVG
2019-10-06,0.0032730000093579292,2019-10-06XVG,XVG
2019-10-07,0.0035429999697953463,2019-10-07XVG,XVG
2019-10-08,0.0038580000400543213,2019-10-08XVG,XVG
2019-10-09,0.003756999969482422,2019-10-09XVG,XVG
2019-10-10,0.0036319999489933252,2019-10-10XVG,XVG
2019-10-11,0.0037380000576376915,2019-10-11XVG,XVG
2019-10-12,0.0036959999706596136,2019-10-12XVG,XVG
2019-10-13,0.0037219999358057976,2019-10-13XVG,XVG
2019-10-14,0.003914999775588512,2019-10-14XVG,XVG
2019-10-15,0.003797000041231513,2019-10-15XVG,XVG
2019-10-16,0.003469000104814768,2019-10-16XVG,XVG
2019-10-17,0.003633999964222312,2019-10-17XVG,XVG
2019-10-18,0.003467000089585781,2019-10-18XVG,XVG
2019-10-19,0.0034650000743567944,2019-10-19XVG,XVG
2019-10-20,0.003507999936118722,2019-10-20XVG,XVG
2019-10-21,0.003409000113606453,2019-10-21XVG,XVG
2019-10-22,0.0033919999841600657,2019-10-22XVG,XVG
2019-10-23,0.0031399999279528856,2019-10-23XVG,XVG
2019-10-24,0.0031610000878572464,2019-10-24XVG,XVG
2019-10-25,0.0035069999285042286,2019-10-25XVG,XVG
2019-10-26,0.003473999910056591,2019-10-26XVG,XVG
2019-10-27,0.003731000004336238,2019-10-27XVG,XVG
2019-10-28,0.0036869999021291733,2019-10-28XVG,XVG
2019-10-29,0.0038109999150037766,2019-10-29XVG,XVG
2019-10-30,0.0037819999270141125,2019-10-30XVG,XVG
2019-10-31,0.003734000027179718,2019-10-31XVG,XVG
2019-11-01,0.003780999919399619,2019-11-01XVG,XVG
2019-11-02,0.003916999790817499,2019-11-02XVG,XVG
2019-11-03,0.0037980000488460064,2019-11-03XVG,XVG
2019-11-04,0.003894000081345439,2019-11-04XVG,XVG
2019-11-05,0.0039900001138448715,2019-11-05XVG,XVG
2019-11-06,0.00406000018119812,2019-11-06XVG,XVG
2019-11-07,0.0039889998733997345,2019-11-07XVG,XVG
2019-11-08,0.003788999980315566,2019-11-08XVG,XVG
2019-11-09,0.00367900007404387,2019-11-09XVG,XVG
2019-11-10,0.003780999919399619,2019-11-10XVG,XVG
2019-11-11,0.003645000047981739,2019-11-11XVG,XVG
2019-11-12,0.003746999893337488,2019-11-12XVG,XVG
2019-11-13,0.003944000229239464,2019-11-13XVG,XVG
2019-11-14,0.004623000044375658,2019-11-14XVG,XVG
2019-11-15,0.005090000107884407,2019-11-15XVG,XVG
2019-11-16,0.00481799989938736,2019-11-16XVG,XVG
2019-11-17,0.004548999946564436,2019-11-17XVG,XVG
2019-11-18,0.0042050001211464405,2019-11-18XVG,XVG
2019-11-19,0.004461000207811594,2019-11-19XVG,XVG
2019-11-20,0.004224000032991171,2019-11-20XVG,XVG
2019-11-21,0.003976999782025814,2019-11-21XVG,XVG
2019-11-22,0.0037440001033246517,2019-11-22XVG,XVG
2019-11-23,0.0038850000128149986,2019-11-23XVG,XVG
2019-11-24,0.0035639998968690634,2019-11-24XVG,XVG
2019-11-25,0.0036949999630451202,2019-11-25XVG,XVG
2019-11-26,0.004044999834150076,2019-11-26XVG,XVG
2019-11-27,0.004025000147521496,2019-11-27XVG,XVG
2019-11-28,0.0040799998678267,2019-11-28XVG,XVG
2019-11-29,0.004143999889492989,2019-11-29XVG,XVG
2019-11-30,0.003930999897420406,2019-11-30XVG,XVG
2019-12-01,0.003782999934628606,2019-12-01XVG,XVG
2019-12-02,0.004007000010460615,2019-12-02XVG,XVG
2019-12-03,0.0039519998244941235,2019-12-03XVG,XVG
2019-12-04,0.003942000214010477,2019-12-04XVG,XVG
2019-12-05,0.004422000143676996,2019-12-05XVG,XVG
2019-12-06,0.004403000231832266,2019-12-06XVG,XVG
2019-12-07,0.004538999870419502,2019-12-07XVG,XVG
2019-12-08,0.005003000143915415,2019-12-08XVG,XVG
2019-12-09,0.004728000145405531,2019-12-09XVG,XVG
2019-12-10,0.004147999919950962,2019-12-10XVG,XVG
2019-12-11,0.004298999905586243,2019-12-11XVG,XVG
2019-12-12,0.004226999823004007,2019-12-12XVG,XVG
2019-12-13,0.004342999774962664,2019-12-13XVG,XVG
2019-12-14,0.004453999921679497,2019-12-14XVG,XVG
2019-12-15,0.004503000061959028,2019-12-15XVG,XVG
2019-12-16,0.004071999806910753,2019-12-16XVG,XVG
2019-12-17,0.003648000070825219,2019-12-17XVG,XVG
2019-12-18,0.0040710000321269035,2019-12-18XVG,XVG
2019-12-19,0.004021000117063522,2019-12-19XVG,XVG
2019-12-20,0.004064999986439943,2019-12-20XVG,XVG
2019-12-21,0.0039059999398887157,2019-12-21XVG,XVG
2019-12-22,0.004015999846160412,2019-12-22XVG,XVG
2019-12-23,0.0037499999161809683,2019-12-23XVG,XVG
2019-12-24,0.0037720000836998224,2019-12-24XVG,XVG
2019-12-25,0.003748999908566475,2019-12-25XVG,XVG
2019-12-26,0.0036349999718368053,2019-12-26XVG,XVG
2019-12-27,0.0036619999445974827,2019-12-27XVG,XVG
2019-12-28,0.0037169998977333307,2019-12-28XVG,XVG
2019-12-29,0.003656999906525016,2019-12-29XVG,XVG
2019-12-30,0.0035459999926388264,2019-12-30XVG,XVG
2019-12-31,0.0034549999982118607,2019-12-31XVG,XVG
2020-01-01,0.003575999988242984,2020-01-01XVG,XVG
2020-01-02,0.0033990000374615192,2020-01-02XVG,XVG
2020-01-03,0.003481999970972538,2020-01-03XVG,XVG
2020-01-04,0.0034719998948276043,2020-01-04XVG,XVG
2020-01-05,0.003501000115647912,2020-01-05XVG,XVG
2020-01-06,0.0035890000872313976,2020-01-06XVG,XVG
2020-01-07,0.0035230000503361225,2020-01-07XVG,XVG
2020-01-08,0.0034129999112337828,2020-01-08XVG,XVG
2020-01-09,0.0033519999124109745,2020-01-09XVG,XVG
2020-01-10,0.003410999896004796,2020-01-10XVG,XVG
2020-01-11,0.0034149999264627695,2020-01-11XVG,XVG
2020-01-12,0.003539999946951866,2020-01-12XVG,XVG
2020-01-13,0.003341000061482191,2020-01-13XVG,XVG
2020-01-14,0.003441999899223447,2020-01-14XVG,XVG
2020-01-15,0.003874999936670065,2020-01-15XVG,XVG
2020-01-16,0.003955000080168247,2020-01-16XVG,XVG
2020-01-17,0.003963000141084194,2020-01-17XVG,XVG
2020-01-18,0.003971999976783991,2020-01-18XVG,XVG
2020-01-19,0.0037360000424087048,2020-01-19XVG,XVG
2020-01-20,0.003748999908566475,2020-01-20XVG,XVG
2020-01-21,0.0038689998909831047,2020-01-21XVG,XVG
2020-01-22,0.003745000110939145,2020-01-22XVG,XVG
2020-01-23,0.003587000072002411,2020-01-23XVG,XVG
2020-01-24,0.003575999988242984,2020-01-24XVG,XVG
2020-01-25,0.0035379999317228794,2020-01-25XVG,XVG
2020-01-26,0.003639000002294779,2020-01-26XVG,XVG
2020-01-27,0.003696999978274107,2020-01-27XVG,XVG
2020-01-28,0.003794000018388033,2020-01-28XVG,XVG
2020-01-29,0.0036329999566078186,2020-01-29XVG,XVG
2020-01-30,0.0037990000564604998,2020-01-30XVG,XVG
2020-01-31,0.0037700000684708357,2020-01-31XVG,XVG
2020-02-01,0.003994000144302845,2020-02-01XVG,XVG
2020-02-02,0.004083000123500824,2020-02-02XVG,XVG
2020-02-03,0.0042860000394284725,2020-02-03XVG,XVG
2020-02-04,0.004397000186145306,2020-02-04XVG,XVG
2020-02-05,0.004379999823868275,2020-02-05XVG,XVG
2020-02-06,0.004629999864846468,2020-02-06XVG,XVG
2020-02-07,0.004747999832034111,2020-02-07XVG,XVG
2020-02-08,0.004525000229477882,2020-02-08XVG,XVG
2020-02-09,0.004730000160634518,2020-02-09XVG,XVG
2020-02-10,0.004939999897032976,2020-02-10XVG,XVG
2020-02-11,0.005167999770492315,2020-02-11XVG,XVG
2020-02-12,0.005293999798595905,2020-02-12XVG,XVG
2020-02-13,0.0056130001321434975,2020-02-13XVG,XVG
2020-02-14,0.0057669999077916145,2020-02-14XVG,XVG
2020-02-15,0.005166999995708466,2020-02-15XVG,XVG
2020-02-16,0.004927000030875206,2020-02-16XVG,XVG
2020-02-17,0.004811999853700399,2020-02-17XVG,XVG
2020-02-18,0.0049680001102387905,2020-02-18XVG,XVG
2020-02-19,0.004459999967366457,2020-02-19XVG,XVG
2020-02-20,0.0043379999697208405,2020-02-20XVG,XVG
2020-02-21,0.004497000016272068,2020-02-21XVG,XVG
2020-02-22,0.004484999924898148,2020-02-22XVG,XVG
2020-02-23,0.004676999989897013,2020-02-23XVG,XVG
2020-02-24,0.004310000222176313,2020-02-24XVG,XVG
2020-02-25,0.004050000105053186,2020-02-25XVG,XVG
2020-02-26,0.0037150001153349876,2020-02-26XVG,XVG
2020-02-27,0.0038350000977516174,2020-02-27XVG,XVG
2020-02-28,0.003665999975055456,2020-02-28XVG,XVG
2020-02-29,0.003725999966263771,2020-02-29XVG,XVG
2020-03-01,0.0036279999185353518,2020-03-01XVG,XVG
2020-03-02,0.003863000078126788,2020-03-02XVG,XVG
2020-03-03,0.0038610000628978014,2020-03-03XVG,XVG
2020-03-04,0.0038169999606907368,2020-03-04XVG,XVG
2020-03-05,0.0039079999551177025,2020-03-05XVG,XVG
2020-03-06,0.0039090001955628395,2020-03-06XVG,XVG
2020-03-07,0.003756999969482422,2020-03-07XVG,XVG
2020-03-08,0.0033050000201910734,2020-03-08XVG,XVG
2020-03-09,0.0032870001159608364,2020-03-09XVG,XVG
2020-03-10,0.003386999946087599,2020-03-10XVG,XVG
2020-03-11,0.003275000024586916,2020-03-11XVG,XVG
2020-03-12,0.0019099999917671084,2020-03-12XVG,XVG
2020-03-13,0.00216299993917346,2020-03-13XVG,XVG
2020-03-14,0.0020490000024437904,2020-03-14XVG,XVG
2020-03-15,0.002093000104650855,2020-03-15XVG,XVG
2020-03-16,0.0018680000212043524,2020-03-16XVG,XVG
2020-03-17,0.0020230000372976065,2020-03-17XVG,XVG
2020-03-18,0.0019779999274760485,2020-03-18XVG,XVG
2020-03-19,0.002400999888777733,2020-03-19XVG,XVG
2020-03-20,0.0023670000955462456,2020-03-20XVG,XVG
2020-03-21,0.0024399999529123306,2020-03-21XVG,XVG
2020-03-22,0.0022990000434219837,2020-03-22XVG,XVG
2020-03-23,0.002495999913662672,2020-03-23XVG,XVG
2020-03-24,0.0024759999942034483,2020-03-24XVG,XVG
2020-03-25,0.002440999960526824,2020-03-25XVG,XVG
2020-03-26,0.0024870000779628754,2020-03-26XVG,XVG
2020-03-27,0.0024790000170469284,2020-03-27XVG,XVG
2020-03-28,0.002403999911621213,2020-03-28XVG,XVG
2020-03-29,0.002409999957308173,2020-03-29XVG,XVG
2020-03-30,0.0025130000431090593,2020-03-30XVG,XVG
2020-03-31,0.002454000059515238,2020-03-31XVG,XVG
2020-04-01,0.0025110000278800726,2020-04-01XVG,XVG
2020-04-02,0.002587999915704131,2020-04-02XVG,XVG
2020-04-03,0.0025869999080896378,2020-04-03XVG,XVG
2020-04-04,0.0026259999722242355,2020-04-04XVG,XVG
2020-04-05,0.002549000084400177,2020-04-05XVG,XVG
2020-04-06,0.0028260000981390476,2020-04-06XVG,XVG
2020-04-07,0.0027630000840872526,2020-04-07XVG,XVG
2020-04-08,0.0029009999707341194,2020-04-08XVG,XVG
2020-04-09,0.0028359999414533377,2020-04-09XVG,XVG
2020-04-10,0.002643000101670623,2020-04-10XVG,XVG
2020-04-11,0.0026420000940561295,2020-04-11XVG,XVG
2020-04-12,0.0026710000820457935,2020-04-12XVG,XVG
2020-04-13,0.0026400000788271427,2020-04-13XVG,XVG
2020-04-14,0.0026400000788271427,2020-04-14XVG,XVG
2020-04-15,0.002555999904870987,2020-04-15XVG,XVG
2020-04-16,0.0026859999634325504,2020-04-16XVG,XVG
2020-04-17,0.0026990000624209642,2020-04-17XVG,XVG
2020-04-18,0.0028089999686926603,2020-04-18XVG,XVG
2020-04-19,0.0027570000384002924,2020-04-19XVG,XVG
2020-04-20,0.0025760000571608543,2020-04-20XVG,XVG
2020-04-21,0.002612000098451972,2020-04-21XVG,XVG
2020-04-22,0.0027149999514222145,2020-04-22XVG,XVG
2020-04-23,0.0029249999206513166,2020-04-23XVG,XVG
2020-04-24,0.002920999890193343,2020-04-24XVG,XVG
2020-04-25,0.0029239999130368233,2020-04-25XVG,XVG
2020-04-26,0.0029509998857975006,2020-04-26XVG,XVG
2020-04-27,0.0029329999815672636,2020-04-27XVG,XVG
2020-04-28,0.0029750000685453415,2020-04-28XVG,XVG
2020-04-29,0.0031640001107007265,2020-04-29XVG,XVG
2020-04-30,0.0029929999727755785,2020-04-30XVG,XVG
2020-05-01,0.003120000008493662,2020-05-01XVG,XVG
2020-05-02,0.0031479999888688326,2020-05-02XVG,XVG
2020-05-03,0.003145999973639846,2020-05-03XVG,XVG
2020-05-04,0.0031560000497847795,2020-05-04XVG,XVG
2020-05-05,0.0031139999628067017,2020-05-05XVG,XVG
2020-05-06,0.0036609999369829893,2020-05-06XVG,XVG
2020-05-07,0.00381499994546175,2020-05-07XVG,XVG
2020-05-08,0.0037819999270141125,2020-05-08XVG,XVG
2020-05-09,0.0035550000611692667,2020-05-09XVG,XVG
2020-05-10,0.0031620000954717398,2020-05-10XVG,XVG
2020-05-11,0.003131000092253089,2020-05-11XVG,XVG
2020-05-12,0.003208999987691641,2020-05-12XVG,XVG
2020-05-13,0.0034030000679194927,2020-05-13XVG,XVG
2020-05-14,0.003418999956920743,2020-05-14XVG,XVG
2020-05-15,0.003283000085502863,2020-05-15XVG,XVG
2020-05-16,0.0033990000374615192,2020-05-16XVG,XVG
2020-05-17,0.003513999981805682,2020-05-17XVG,XVG
2020-05-18,0.003541999962180853,2020-05-18XVG,XVG
2020-05-19,0.0035250000655651093,2020-05-19XVG,XVG
2020-05-20,0.0034749999176710844,2020-05-20XVG,XVG
2020-05-21,0.003622000105679035,2020-05-21XVG,XVG
2020-05-22,0.0037799999117851257,2020-05-22XVG,XVG
2020-05-23,0.003880999982357025,2020-05-23XVG,XVG
2020-05-24,0.0038610000628978014,2020-05-24XVG,XVG
2020-05-25,0.004273000173270702,2020-05-25XVG,XVG
2020-05-26,0.0041970000602304935,2020-05-26XVG,XVG
2020-05-27,0.003973000217229128,2020-05-27XVG,XVG
2020-05-28,0.004097000230103731,2020-05-28XVG,XVG
2020-05-29,0.004108999855816364,2020-05-29XVG,XVG
2020-05-30,0.004327000118792057,2020-05-30XVG,XVG
2020-05-31,0.004273999948054552,2020-05-31XVG,XVG
2020-06-01,0.0042860000394284725,2020-06-01XVG,XVG
2020-06-02,0.004447000101208687,2020-06-02XVG,XVG
2020-06-03,0.004393999930471182,2020-06-03XVG,XVG
2020-06-04,0.004418000113219023,2020-06-04XVG,XVG
2020-06-05,0.0044280001893639565,2020-06-05XVG,XVG
2020-06-06,0.005377000197768211,2020-06-06XVG,XVG
2020-06-07,0.005133999977260828,2020-06-07XVG,XVG
2020-06-08,0.005363999865949154,2020-06-08XVG,XVG
2020-06-09,0.005493000149726868,2020-06-09XVG,XVG
2020-06-10,0.005776999983936548,2020-06-10XVG,XVG
2020-06-11,0.005276000127196312,2020-06-11XVG,XVG
2020-06-12,0.006351999938488007,2020-06-12XVG,XVG
2020-06-13,0.0076299998909235,2020-06-13XVG,XVG
2020-06-14,0.007089000195264816,2020-06-14XVG,XVG
2020-06-15,0.008692000061273575,2020-06-15XVG,XVG
2020-06-16,0.009154999628663063,2020-06-16XVG,XVG
2020-06-17,0.00889500044286251,2020-06-17XVG,XVG
2020-06-18,0.007822999730706215,2020-06-18XVG,XVG
2020-06-19,0.0071840002201497555,2020-06-19XVG,XVG
2020-06-20,0.007664000149816275,2020-06-20XVG,XVG
2020-06-21,0.007002000231295824,2020-06-21XVG,XVG
2020-06-22,0.006982000079005957,2020-06-22XVG,XVG
2020-06-23,0.007404999807476997,2020-06-23XVG,XVG
2020-06-24,0.0069320001639425755,2020-06-24XVG,XVG
2020-06-25,0.006490999832749367,2020-06-25XVG,XVG
2020-06-26,0.006155999843031168,2020-06-26XVG,XVG
2020-06-27,0.006506000179797411,2020-06-27XVG,XVG
2020-06-28,0.0066269999369978905,2020-06-28XVG,XVG
2020-06-29,0.0064559997990727425,2020-06-29XVG,XVG
2020-06-30,0.006870000157505274,2020-06-30XVG,XVG
2020-07-01,0.007476000115275383,2020-07-01XVG,XVG
2020-07-02,0.007205999922007322,2020-07-02XVG,XVG
2020-07-03,0.007172999903559685,2020-07-03XVG,XVG
2020-07-04,0.007124000228941441,2020-07-04XVG,XVG
2020-07-05,0.006876999977976084,2020-07-05XVG,XVG
2020-07-06,0.007555999793112278,2020-07-06XVG,XVG
2020-07-07,0.007141000125557184,2020-07-07XVG,XVG
2020-07-08,0.006996000185608864,2020-07-08XVG,XVG
2020-07-09,0.006759000010788441,2020-07-09XVG,XVG
2020-07-10,0.0066269999369978905,2020-07-10XVG,XVG
2020-07-11,0.006765000056475401,2020-07-11XVG,XVG
2020-07-12,0.006564000155776739,2020-07-12XVG,XVG
2020-07-13,0.006293000187724829,2020-07-13XVG,XVG
2020-07-14,0.0064039998687803745,2020-07-14XVG,XVG
2020-07-15,0.0062350002117455006,2020-07-15XVG,XVG
2020-07-16,0.005814999807626009,2020-07-16XVG,XVG
2020-07-17,0.005710000172257423,2020-07-17XVG,XVG
2020-07-18,0.005942999850958586,2020-07-18XVG,XVG
2020-07-19,0.0058120000176131725,2020-07-19XVG,XVG
2020-07-20,0.005812999792397022,2020-07-20XVG,XVG
2020-07-21,0.00585799990221858,2020-07-21XVG,XVG
2020-07-22,0.006155999843031168,2020-07-22XVG,XVG
2020-07-23,0.006287999916821718,2020-07-23XVG,XVG
2020-07-24,0.0066720000468194485,2020-07-24XVG,XVG
2020-07-25,0.006699000019580126,2020-07-25XVG,XVG
2020-07-26,0.006271999794989824,2020-07-26XVG,XVG
2020-07-27,0.0059710000641644,2020-07-27XVG,XVG
2020-07-28,0.005929000210016966,2020-07-28XVG,XVG
2020-07-29,0.005994000006467104,2020-07-29XVG,XVG
2020-07-30,0.006252999883145094,2020-07-30XVG,XVG
2020-07-31,0.005967999808490276,2020-07-31XVG,XVG
2020-08-01,0.006031000055372715,2020-08-01XVG,XVG
2020-08-02,0.005776999983936548,2020-08-02XVG,XVG
2020-08-03,0.00599699979647994,2020-08-03XVG,XVG
2020-08-04,0.0060259997844696045,2020-08-04XVG,XVG
2020-08-05,0.006113000214099884,2020-08-05XVG,XVG
2020-08-06,0.0061079999431967735,2020-08-06XVG,XVG
2020-08-07,0.006207999773323536,2020-08-07XVG,XVG
2020-08-08,0.006391999777406454,2020-08-08XVG,XVG
2020-08-09,0.006457999814301729,2020-08-09XVG,XVG
2020-08-10,0.006982000079005957,2020-08-10XVG,XVG
2020-08-11,0.007294999901205301,2020-08-11XVG,XVG
2020-08-12,0.007658999878913164,2020-08-12XVG,XVG
2020-08-13,0.007375999819487333,2020-08-13XVG,XVG
2020-08-14,0.0072479997761547565,2020-08-14XVG,XVG
2020-08-15,0.00698099983856082,2020-08-15XVG,XVG
2020-08-16,0.00686099985614419,2020-08-16XVG,XVG
2020-08-17,0.007160000037401915,2020-08-17XVG,XVG
2020-08-18,0.007149999961256981,2020-08-18XVG,XVG
2020-08-19,0.006779000163078308,2020-08-19XVG,XVG
2020-08-20,0.006907000206410885,2020-08-20XVG,XVG
2020-08-21,0.006936999969184399,2020-08-21XVG,XVG
2020-08-22,0.007116000168025494,2020-08-22XVG,XVG
2020-08-23,0.007201999891549349,2020-08-23XVG,XVG
2020-08-24,0.007553999777883291,2020-08-24XVG,XVG
2020-08-25,0.006885000038892031,2020-08-25XVG,XVG
2020-08-26,0.00686099985614419,2020-08-26XVG,XVG
2020-08-27,0.006339999847114086,2020-08-27XVG,XVG
2020-08-28,0.006548999808728695,2020-08-28XVG,XVG
2020-08-29,0.006686999928206205,2020-08-29XVG,XVG
2020-08-30,0.006641000043600798,2020-08-30XVG,XVG
2020-08-31,0.006541999988257885,2020-08-31XVG,XVG
2020-09-01,0.006341000087559223,2020-09-01XVG,XVG
2020-09-02,0.00596500001847744,2020-09-02XVG,XVG
2020-09-03,0.004972999915480614,2020-09-03XVG,XVG
2020-09-04,0.00532899983227253,2020-09-04XVG,XVG
2020-09-05,0.004648999776691198,2020-09-05XVG,XVG
2020-09-06,0.004807000048458576,2020-09-06XVG,XVG
2020-09-07,0.004769999999552965,2020-09-07XVG,XVG
2020-09-08,0.004596000071614981,2020-09-08XVG,XVG
2020-09-09,0.004881000146269798,2020-09-09XVG,XVG
2020-09-10,0.004906000103801489,2020-09-10XVG,XVG
2020-09-11,0.004881999921053648,2020-09-11XVG,XVG
2020-09-12,0.004985000006854534,2020-09-12XVG,XVG
2020-09-13,0.00467800023034215,2020-09-13XVG,XVG
2020-09-14,0.004681000020354986,2020-09-14XVG,XVG
2020-09-15,0.004424999933689833,2020-09-15XVG,XVG
2020-09-16,0.004474999848753214,2020-09-16XVG,XVG
2020-09-17,0.004497999791055918,2020-09-17XVG,XVG
2020-09-18,0.004443999845534563,2020-09-18XVG,XVG
2020-09-19,0.004513000138103962,2020-09-19XVG,XVG
2020-09-20,0.004495000001043081,2020-09-20XVG,XVG
2020-09-21,0.004056000150740147,2020-09-21XVG,XVG
2020-09-22,0.004184000194072723,2020-09-22XVG,XVG
2020-09-23,0.003986999858170748,2020-09-23XVG,XVG
2020-09-24,0.004253999795764685,2020-09-24XVG,XVG
2020-09-25,0.00431999983265996,2020-09-25XVG,XVG
2020-09-26,0.004234999883919954,2020-09-26XVG,XVG
2020-09-27,0.004176000133156776,2020-09-27XVG,XVG
2020-09-28,0.004226000048220158,2020-09-28XVG,XVG
2020-09-29,0.0042860000394284725,2020-09-29XVG,XVG
2020-09-30,0.004213999956846237,2020-09-30XVG,XVG
2020-10-01,0.00407399982213974,2020-10-01XVG,XVG
2020-10-02,0.003988000098615885,2020-10-02XVG,XVG
2020-10-03,0.004011999815702438,2020-10-03XVG,XVG
2020-10-04,0.004019999876618385,2020-10-04XVG,XVG
2020-10-05,0.004257999826222658,2020-10-05XVG,XVG
2020-10-06,0.003969000186771154,2020-10-06XVG,XVG
2020-10-07,0.003897000104188919,2020-10-07XVG,XVG
2020-10-08,0.00417400011792779,2020-10-08XVG,XVG
2020-10-09,0.004333999939262867,2020-10-09XVG,XVG
2020-10-10,0.004317000042647123,2020-10-10XVG,XVG
2020-10-11,0.004370000213384628,2020-10-11XVG,XVG
2020-10-12,0.004486999940127134,2020-10-12XVG,XVG
2020-10-13,0.004513999912887812,2020-10-13XVG,XVG
2020-10-14,0.004468000028282404,2020-10-14XVG,XVG
2020-10-15,0.004468999803066254,2020-10-15XVG,XVG
2020-10-16,0.004300999920815229,2020-10-16XVG,XVG
2020-10-17,0.004311999771744013,2020-10-17XVG,XVG
2020-10-18,0.0044450000859797,2020-10-18XVG,XVG
2020-10-19,0.004459999967366457,2020-10-19XVG,XVG
2020-10-20,0.004317999817430973,2020-10-20XVG,XVG
2020-10-21,0.004606000147759914,2020-10-21XVG,XVG
2020-10-22,0.004726000130176544,2020-10-22XVG,XVG
2020-10-23,0.004639999940991402,2020-10-23XVG,XVG
2020-10-24,0.004757999908179045,2020-10-24XVG,XVG
2020-10-25,0.004528000019490719,2020-10-25XVG,XVG
2020-10-26,0.004492000211030245,2020-10-26XVG,XVG
2020-10-27,0.0042500002309679985,2020-10-27XVG,XVG
2020-10-28,0.003976999782025814,2020-10-28XVG,XVG
2020-10-29,0.003797000041231513,2020-10-29XVG,XVG
2020-10-30,0.003659999929368496,2020-10-30XVG,XVG
2020-10-31,0.003938999958336353,2020-10-31XVG,XVG
2020-11-01,0.004333000164479017,2020-11-01XVG,XVG
2020-11-02,0.004052999895066023,2020-11-02XVG,XVG
2020-11-03,0.0039049999322742224,2020-11-03XVG,XVG
2020-11-04,0.003886000020429492,2020-11-04XVG,XVG
2020-11-05,0.004081999883055687,2020-11-05XVG,XVG
2020-11-06,0.004288999829441309,2020-11-06XVG,XVG
2020-11-07,0.004050999879837036,2020-11-07XVG,XVG
2020-11-08,0.004265999887138605,2020-11-08XVG,XVG
2020-11-09,0.004370999988168478,2020-11-09XVG,XVG
2020-11-10,0.004683999810367823,2020-11-10XVG,XVG
2020-11-11,0.004453000146895647,2020-11-11XVG,XVG
2020-11-12,0.004348000045865774,2020-11-12XVG,XVG
2020-11-13,0.004594000056385994,2020-11-13XVG,XVG
2020-11-14,0.0044570001773536205,2020-11-14XVG,XVG
2020-11-15,0.0043379999697208405,2020-11-15XVG,XVG
2020-11-16,0.004548999946564436,2020-11-16XVG,XVG
2020-11-17,0.0045540002174675465,2020-11-17XVG,XVG
2020-11-18,0.0043669999577105045,2020-11-18XVG,XVG
2020-11-19,0.004354000091552734,2020-11-19XVG,XVG
2020-11-20,0.004406000021845102,2020-11-20XVG,XVG
2020-11-21,0.004918999969959259,2020-11-21XVG,XVG
2020-11-22,0.004960999824106693,2020-11-22XVG,XVG
2020-11-23,0.005431000143289566,2020-11-23XVG,XVG
2020-11-24,0.008492999710142612,2020-11-24XVG,XVG
2020-11-25,0.007298999931663275,2020-11-25XVG,XVG
2020-11-26,0.006498999893665314,2020-11-26XVG,XVG
2020-11-27,0.006333000026643276,2020-11-27XVG,XVG
2020-11-28,0.007158000022172928,2020-11-28XVG,XVG
2020-11-29,0.006901000160723925,2020-11-29XVG,XVG
2020-11-30,0.00748499995097518,2020-11-30XVG,XVG
2020-12-01,0.006938000209629536,2020-12-01XVG,XVG
2020-12-02,0.0074339997954666615,2020-12-02XVG,XVG
2020-12-03,0.007172999903559685,2020-12-03XVG,XVG
2020-12-04,0.006513999775052071,2020-12-04XVG,XVG
2020-12-05,0.006949999835342169,2020-12-05XVG,XVG
2020-12-06,0.006978000048547983,2020-12-06XVG,XVG
2020-12-07,0.006792000029236078,2020-12-07XVG,XVG
2020-12-08,0.006126000080257654,2020-12-08XVG,XVG
2020-12-09,0.006281999871134758,2020-12-09XVG,XVG
2020-12-10,0.006947000045329332,2020-12-10XVG,XVG
2020-12-11,0.006506000179797411,2020-12-11XVG,XVG
2020-12-12,0.007052000146359205,2020-12-12XVG,XVG
2020-12-13,0.006984999869018793,2020-12-13XVG,XVG
2020-12-14,0.006802000105381012,2020-12-14XVG,XVG
2020-12-15,0.006668000016361475,2020-12-15XVG,XVG
2020-12-16,0.007158000022172928,2020-12-16XVG,XVG
2020-12-17,0.007213999982923269,2020-12-17XVG,XVG
2020-12-18,0.007501999847590923,2020-12-18XVG,XVG
2020-12-19,0.007681999821215868,2020-12-19XVG,XVG
2020-12-20,0.007540999911725521,2020-12-20XVG,XVG
2020-12-21,0.007275999989360571,2020-12-21XVG,XVG
2020-12-22,0.007360000163316727,2020-12-22XVG,XVG
2020-12-23,0.00597700010985136,2020-12-23XVG,XVG
2020-12-24,0.00660800002515316,2020-12-24XVG,XVG
2020-12-25,0.006661000195890665,2020-12-25XVG,XVG
2020-12-26,0.007044000085443258,2020-12-26XVG,XVG
2020-12-27,0.007838999852538109,2020-12-27XVG,XVG
2020-12-28,0.007927999831736088,2020-12-28XVG,XVG
2020-12-29,0.007439999841153622,2020-12-29XVG,XVG
2020-12-30,0.007797999773174524,2020-12-30XVG,XVG
2020-12-31,0.007495999801903963,2020-12-31XVG,XVG
2021-01-01,0.007329000160098076,2021-01-01XVG,XVG
2021-01-02,0.007402000017464161,2021-01-02XVG,XVG
2021-01-03,0.009487999603152275,2021-01-03XVG,XVG
2021-01-04,0.00890900008380413,2021-01-04XVG,XVG
2021-01-05,0.008801000192761421,2021-01-05XVG,XVG
2021-01-06,0.013019000180065632,2021-01-06XVG,XVG
2021-01-07,0.01672999933362007,2021-01-07XVG,XVG
2021-01-08,0.01462200004607439,2021-01-08XVG,XVG
2021-01-09,0.015683000907301903,2021-01-09XVG,XVG
2021-01-10,0.014405000023543835,2021-01-10XVG,XVG
2021-01-11,0.012563999742269516,2021-01-11XVG,XVG
2021-01-12,0.011989000253379345,2021-01-12XVG,XVG
2021-01-13,0.013260000385344028,2021-01-13XVG,XVG
2021-01-14,0.012903000228106976,2021-01-14XVG,XVG
2021-01-15,0.011962000280618668,2021-01-15XVG,XVG
2021-01-16,0.013299000449478626,2021-01-16XVG,XVG
2021-01-17,0.012253000400960445,2021-01-17XVG,XVG
2021-01-18,0.013193000108003616,2021-01-18XVG,XVG
2021-01-19,0.012532999739050865,2021-01-19XVG,XVG
2021-01-20,0.01271899975836277,2021-01-20XVG,XVG
2021-01-21,0.01080899965018034,2021-01-21XVG,XVG
2021-01-22,0.011850999668240547,2021-01-22XVG,XVG
2021-01-23,0.012397999875247478,2021-01-23XVG,XVG
2021-01-24,0.012551999650895596,2021-01-24XVG,XVG
2021-01-25,0.01208299957215786,2021-01-25XVG,XVG
2021-01-26,0.011257000267505646,2021-01-26XVG,XVG
2021-01-27,0.00991200003772974,2021-01-27XVG,XVG
2021-01-28,0.012455999851226807,2021-01-28XVG,XVG
2021-01-29,0.017108000814914703,2021-01-29XVG,XVG
2021-01-30,0.01486000046133995,2021-01-30XVG,XVG
2021-01-31,0.015809999778866768,2021-01-31XVG,XVG
2021-02-01,0.01784300059080124,2021-02-01XVG,XVG
2021-02-02,0.016662999987602234,2021-02-02XVG,XVG
2021-02-03,0.0166849996894598,2021-02-03XVG,XVG
2021-02-04,0.016966000199317932,2021-02-04XVG,XVG
2021-02-05,0.017424000427126884,2021-02-05XVG,XVG
2021-02-06,0.01690099947154522,2021-02-06XVG,XVG
2021-02-07,0.016533000394701958,2021-02-07XVG,XVG
2021-02-08,0.017311999574303627,2021-02-08XVG,XVG
2021-02-09,0.02050499990582466,2021-02-09XVG,XVG
2021-02-10,0.01946599967777729,2021-02-10XVG,XVG
2021-02-11,0.022951999679207802,2021-02-11XVG,XVG
2021-02-12,0.025301000103354454,2021-02-12XVG,XVG
2021-02-13,0.02876400016248226,2021-02-13XVG,XVG
2021-02-14,0.026007000356912613,2021-02-14XVG,XVG
2021-02-15,0.022481000050902367,2021-02-15XVG,XVG
2021-02-16,0.02154799923300743,2021-02-16XVG,XVG
2021-02-17,0.024671999737620354,2021-02-17XVG,XVG
2021-02-18,0.02584799937903881,2021-02-18XVG,XVG
2021-02-19,0.02536899968981743,2021-02-19XVG,XVG
2021-02-20,0.026334000751376152,2021-02-20XVG,XVG
2021-02-21,0.02566700056195259,2021-02-21XVG,XVG
2021-02-22,0.02239600010216236,2021-02-22XVG,XVG
2021-02-23,0.0194109994918108,2021-02-23XVG,XVG
2021-02-24,0.01986899971961975,2021-02-24XVG,XVG
2021-02-25,0.017981000244617462,2021-02-25XVG,XVG
2021-02-26,0.017457999289035797,2021-02-26XVG,XVG
2021-02-27,0.018247999250888824,2021-02-27XVG,XVG
2021-02-28,0.017427999526262283,2021-02-28XVG,XVG
2021-03-01,0.019175000488758087,2021-03-01XVG,XVG
2021-03-02,0.018391000106930733,2021-03-02XVG,XVG
2021-03-03,0.01911100000143051,2021-03-03XVG,XVG
2021-03-04,0.020315000787377357,2021-03-04XVG,XVG
2021-03-05,0.022290999069809914,2021-03-05XVG,XVG
2021-03-06,0.021382000297307968,2021-03-06XVG,XVG
2021-03-07,0.02217400074005127,2021-03-07XVG,XVG
2021-03-08,0.021841999143362045,2021-03-08XVG,XVG
2021-03-09,0.022559000179171562,2021-03-09XVG,XVG
2021-03-10,0.024721000343561172,2021-03-10XVG,XVG
2021-03-11,0.02572599984705448,2021-03-11XVG,XVG
2021-03-12,0.024477999657392502,2021-03-12XVG,XVG
2021-03-13,0.0255149994045496,2021-03-13XVG,XVG
2021-03-14,0.027820000424981117,2021-03-14XVG,XVG
2021-03-15,0.03156299889087677,2021-03-15XVG,XVG
2021-03-16,0.029722999781370163,2021-03-16XVG,XVG
2021-03-17,0.03011699952185154,2021-03-17XVG,XVG
2021-03-18,0.0313819982111454,2021-03-18XVG,XVG
2021-03-19,0.03507699817419052,2021-03-19XVG,XVG
2021-03-20,0.03430600091814995,2021-03-20XVG,XVG
2021-03-21,0.033316001296043396,2021-03-21XVG,XVG
2021-03-22,0.030429000034928322,2021-03-22XVG,XVG
2021-03-23,0.03163500130176544,2021-03-23XVG,XVG
2021-03-24,0.02853200025856495,2021-03-24XVG,XVG
2021-03-25,0.027532000094652176,2021-03-25XVG,XVG
2021-03-26,0.03017299994826317,2021-03-26XVG,XVG
2021-03-27,0.030334999784827232,2021-03-27XVG,XVG
2021-03-28,0.03392200171947479,2021-03-28XVG,XVG
2021-03-29,0.039413001388311386,2021-03-29XVG,XVG
2021-03-30,0.03939000144600868,2021-03-30XVG,XVG
2021-03-31,0.04375699907541275,2021-03-31XVG,XVG
2021-04-01,0.04353899881243706,2021-04-01XVG,XVG
2021-04-02,0.044105999171733856,2021-04-02XVG,XVG
2021-04-03,0.0446619987487793,2021-04-03XVG,XVG
2021-04-04,0.04609199985861778,2021-04-04XVG,XVG
2021-04-05,0.05225599929690361,2021-04-05XVG,XVG
2021-04-06,0.05113000050187111,2021-04-06XVG,XVG
2021-04-07,0.043310001492500305,2021-04-07XVG,XVG
2021-04-08,0.04540500044822693,2021-04-08XVG,XVG
2021-04-09,0.04420199990272522,2021-04-09XVG,XVG
2021-04-10,0.042243000119924545,2021-04-10XVG,XVG
2021-04-11,0.043182000517845154,2021-04-11XVG,XVG
2021-04-12,0.04066300019621849,2021-04-12XVG,XVG
2021-04-13,0.041409000754356384,2021-04-13XVG,XVG
2021-04-14,0.04767100140452385,2021-04-14XVG,XVG
2021-04-15,0.04848700016736984,2021-04-15XVG,XVG
2021-04-16,0.06707999855279922,2021-04-16XVG,XVG
2021-04-17,0.06341499835252762,2021-04-17XVG,XVG
2021-04-18,0.05649999901652336,2021-04-18XVG,XVG
2021-04-19,0.05951499938964844,2021-04-19XVG,XVG
2021-04-20,0.05880200117826462,2021-04-20XVG,XVG
2021-04-21,0.058490999042987823,2021-04-21XVG,XVG
2021-04-22,0.050331998616456985,2021-04-22XVG,XVG
2021-04-23,0.045219000428915024,2021-04-23XVG,XVG
2021-04-24,0.041919998824596405,2021-04-24XVG,XVG
2021-04-25,0.038162000477313995,2021-04-25XVG,XVG
2021-04-26,0.0490260012447834,2021-04-26XVG,XVG
2021-04-27,0.05199899896979332,2021-04-27XVG,XVG
2021-04-28,0.048229001462459564,2021-04-28XVG,XVG
2021-04-29,0.04701000079512596,2021-04-29XVG,XVG
2021-04-30,0.05668700113892555,2021-04-30XVG,XVG
2021-05-01,0.05429700016975403,2021-05-01XVG,XVG
2021-05-02,0.05330200120806694,2021-05-02XVG,XVG
2021-05-03,0.052459001541137695,2021-05-03XVG,XVG
2021-05-04,0.046790000051259995,2021-05-04XVG,XVG
2021-05-05,0.0656680017709732,2021-05-05XVG,XVG
2021-05-06,0.06898000091314316,2021-05-06XVG,XVG
2021-05-07,0.0686969980597496,2021-05-07XVG,XVG
2021-05-08,0.06783399730920792,2021-05-08XVG,XVG
2021-05-09,0.0681070014834404,2021-05-09XVG,XVG
2021-05-10,0.0595409981906414,2021-05-10XVG,XVG
2021-05-11,0.06422500312328339,2021-05-11XVG,XVG
2021-05-12,0.04947600141167641,2021-05-12XVG,XVG
2021-05-13,0.05043499916791916,2021-05-13XVG,XVG
2021-05-14,0.05254900082945824,2021-05-14XVG,XVG
2021-05-15,0.0469449982047081,2021-05-15XVG,XVG
2021-05-16,0.04833099991083145,2021-05-16XVG,XVG
2021-05-17,0.04344499856233597,2021-05-17XVG,XVG
2021-05-18,0.04413200169801712,2021-05-18XVG,XVG
2021-05-19,0.028241999447345734,2021-05-19XVG,XVG
2021-05-20,0.032791998237371445,2021-05-20XVG,XVG
2021-05-21,0.027024999260902405,2021-05-21XVG,XVG
2021-05-22,0.025729000568389893,2021-05-22XVG,XVG
2021-05-23,0.021268000826239586,2021-05-23XVG,XVG
2021-05-24,0.026531999930739403,2021-05-24XVG,XVG
2021-05-25,0.02551800012588501,2021-05-25XVG,XVG
2021-05-26,0.0298250000923872,2021-05-26XVG,XVG
2021-05-27,0.027811000123620033,2021-05-27XVG,XVG
2021-05-28,0.024011999368667603,2021-05-28XVG,XVG
2021-05-29,0.022789999842643738,2021-05-29XVG,XVG
2021-05-30,0.024762000888586044,2021-05-30XVG,XVG
2021-05-31,0.026778999716043472,2021-05-31XVG,XVG
2021-06-01,0.025678999722003937,2021-06-01XVG,XVG
2021-06-02,0.026871999725699425,2021-06-02XVG,XVG
2021-06-03,0.028766000643372536,2021-06-03XVG,XVG
2021-06-04,0.03283099830150604,2021-06-04XVG,XVG
2021-06-05,0.03183000162243843,2021-06-05XVG,XVG
2021-06-06,0.03317200019955635,2021-06-06XVG,XVG
2021-06-07,0.027303999289870262,2021-06-07XVG,XVG
2021-06-08,0.03023199923336506,2021-06-08XVG,XVG
2021-06-09,0.03074599988758564,2021-06-09XVG,XVG
2021-06-10,0.029895000159740448,2021-06-10XVG,XVG
2021-06-11,0.027394000440835953,2021-06-11XVG,XVG
2021-06-12,0.025691000744700432,2021-06-12XVG,XVG
2021-06-13,0.029861999675631523,2021-06-13XVG,XVG
2021-06-14,0.030177000910043716,2021-06-14XVG,XVG
2021-06-15,0.029366999864578247,2021-06-15XVG,XVG
2021-06-16,0.028165999799966812,2021-06-16XVG,XVG
2021-06-17,0.02759999968111515,2021-06-17XVG,XVG
2021-06-18,0.025195999071002007,2021-06-18XVG,XVG
2021-06-19,0.024271000176668167,2021-06-19XVG,XVG
2021-06-20,0.027588000521063805,2021-06-20XVG,XVG
2021-06-21,0.022394999861717224,2021-06-21XVG,XVG
2021-06-22,0.020976999774575233,2021-06-22XVG,XVG
2021-06-23,0.022321000695228577,2021-06-23XVG,XVG
2021-06-24,0.022606000304222107,2021-06-24XVG,XVG
2021-06-25,0.020357999950647354,2021-06-25XVG,XVG
2021-06-26,0.020764000713825226,2021-06-26XVG,XVG
2021-06-27,0.021873999387025833,2021-06-27XVG,XVG
2021-06-28,0.021971000358462334,2021-06-28XVG,XVG
2021-06-29,0.022758999839425087,2021-06-29XVG,XVG
2021-06-30,0.023036999627947807,2021-06-30XVG,XVG
2021-07-01,0.02169799990952015,2021-07-01XVG,XVG
2021-07-02,0.023088999092578888,2021-07-02XVG,XVG
2021-07-03,0.023677000775933266,2021-07-03XVG,XVG
2021-07-04,0.02358200028538704,2021-07-04XVG,XVG
2021-07-05,0.022213999181985855,2021-07-05XVG,XVG
2021-07-06,0.02280299924314022,2021-07-06XVG,XVG
2021-07-07,0.022224999964237213,2021-07-07XVG,XVG
2021-07-08,0.020824000239372253,2021-07-08XVG,XVG
2021-07-09,0.02100300043821335,2021-07-09XVG,XVG
2021-07-10,0.02057499997317791,2021-07-10XVG,XVG
2021-07-11,0.021081000566482544,2021-07-11XVG,XVG
2021-07-12,0.020002000033855438,2021-07-12XVG,XVG
2021-07-13,0.019752999767661095,2021-07-13XVG,XVG
2021-07-14,0.019555000588297844,2021-07-14XVG,XVG
2021-07-15,0.020075000822544098,2021-07-15XVG,XVG
2021-07-16,0.01836800016462803,2021-07-16XVG,XVG
2021-07-17,0.01839200034737587,2021-07-17XVG,XVG
2021-07-18,0.01876699924468994,2021-07-18XVG,XVG
2021-07-19,0.017649000510573387,2021-07-19XVG,XVG
2021-07-20,0.016359999775886536,2021-07-20XVG,XVG
2021-07-21,0.01755700074136257,2021-07-21XVG,XVG
2021-07-22,0.01825300045311451,2021-07-22XVG,XVG
2021-07-23,0.01862799935042858,2021-07-23XVG,XVG
2021-07-24,0.01918499916791916,2021-07-24XVG,XVG
2021-07-25,0.020401999354362488,2021-07-25XVG,XVG
2021-07-26,0.0205329991877079,2021-07-26XVG,XVG
2021-07-27,0.0208979994058609,2021-07-27XVG,XVG
2021-07-28,0.021043000742793083,2021-07-28XVG,XVG
2021-07-29,0.02227799966931343,2021-07-29XVG,XVG
2021-07-30,0.022419000044465065,2021-07-30XVG,XVG
2021-07-31,0.02173900045454502,2021-07-31XVG,XVG
2021-08-01,0.023074999451637268,2021-08-01XVG,XVG
2021-08-02,0.023594999685883522,2021-08-02XVG,XVG
2021-08-03,0.02266000024974346,2021-08-03XVG,XVG
2021-08-04,0.024111999198794365,2021-08-04XVG,XVG
2021-08-05,0.02449999935925007,2021-08-05XVG,XVG
2021-08-06,0.026287000626325607,2021-08-06XVG,XVG
2021-08-07,0.026316000148653984,2021-08-07XVG,XVG
2021-08-08,0.025105999782681465,2021-08-08XVG,XVG
2021-08-09,0.02705099992454052,2021-08-09XVG,XVG
2021-08-10,0.030719999223947525,2021-08-10XVG,XVG
2021-08-11,0.030357999727129936,2021-08-11XVG,XVG
2021-08-12,0.0290949996560812,2021-08-12XVG,XVG
2021-08-13,0.03229900076985359,2021-08-13XVG,XVG
2021-08-14,0.03505599871277809,2021-08-14XVG,XVG
2021-08-15,0.03474299982190132,2021-08-15XVG,XVG
2021-08-16,0.0353350006043911,2021-08-16XVG,XVG
2021-08-17,0.03183300048112869,2021-08-17XVG,XVG
2021-08-18,0.032416000962257385,2021-08-18XVG,XVG
2021-08-19,0.03437399864196777,2021-08-19XVG,XVG
2021-08-20,0.03379499912261963,2021-08-20XVG,XVG
2021-08-21,0.03189300000667572,2021-08-21XVG,XVG
2021-08-22,0.030696000903844833,2021-08-22XVG,XVG
2021-08-23,0.030446000397205353,2021-08-23XVG,XVG
2021-08-24,0.027761999517679214,2021-08-24XVG,XVG
2021-08-25,0.02900099940598011,2021-08-25XVG,XVG
2021-08-26,0.026193000376224518,2021-08-26XVG,XVG
2021-08-27,0.028522999957203865,2021-08-27XVG,XVG
2021-08-28,0.027538999915122986,2021-08-28XVG,XVG
2021-08-29,0.027910999953746796,2021-08-29XVG,XVG
2021-08-30,0.026148000732064247,2021-08-30XVG,XVG
2021-08-31,0.02670699916779995,2021-08-31XVG,XVG
2021-09-01,0.029092000797390938,2021-09-01XVG,XVG
2021-09-02,0.02833000011742115,2021-09-02XVG,XVG
2021-09-03,0.0285630002617836,2021-09-03XVG,XVG
2021-09-04,0.02911200001835823,2021-09-04XVG,XVG
2021-09-05,0.03147000074386597,2021-09-05XVG,XVG
2021-09-06,0.030771000310778618,2021-09-06XVG,XVG
2021-09-07,0.024731000885367393,2021-09-07XVG,XVG
2021-09-08,0.02543500065803528,2021-09-08XVG,XVG
2021-09-09,0.024761000648140907,2021-09-09XVG,XVG
2021-09-10,0.02396400086581707,2021-09-10XVG,XVG
2021-09-11,0.02404800057411194,2021-09-11XVG,XVG
2021-09-12,0.024663999676704407,2021-09-12XVG,XVG
2021-09-13,0.022985000163316727,2021-09-13XVG,XVG
2021-09-14,0.023878000676631927,2021-09-14XVG,XVG
2021-09-15,0.024880999699234962,2021-09-15XVG,XVG
2021-09-16,0.024052999913692474,2021-09-16XVG,XVG
2021-09-17,0.023378999903798103,2021-09-17XVG,XVG
2021-09-18,0.027110999450087547,2021-09-18XVG,XVG
2021-09-19,0.025086000561714172,2021-09-19XVG,XVG
2021-09-20,0.021416999399662018,2021-09-20XVG,XVG
2021-09-21,0.019231999292969704,2021-09-21XVG,XVG
2021-09-22,0.021254999563097954,2021-09-22XVG,XVG
2021-09-23,0.021632999181747437,2021-09-23XVG,XVG
2021-09-24,0.01993199996650219,2021-09-24XVG,XVG
2021-09-25,0.019426999613642693,2021-09-25XVG,XVG
2021-09-26,0.020008999854326248,2021-09-26XVG,XVG
2021-09-27,0.018890000879764557,2021-09-27XVG,XVG
2021-09-28,0.018182000145316124,2021-09-28XVG,XVG
2021-09-29,0.018431000411510468,2021-09-29XVG,XVG
2021-09-30,0.019589999690651894,2021-09-30XVG,XVG
2021-10-01,0.021547000855207443,2021-10-01XVG,XVG
2021-10-02,0.021508000791072845,2021-10-02XVG,XVG
2021-10-03,0.021858999505639076,2021-10-03XVG,XVG
2021-10-04,0.022281000390648842,2021-10-04XVG,XVG
2021-10-05,0.022538000717759132,2021-10-05XVG,XVG
2021-10-06,0.02277900092303753,2021-10-06XVG,XVG
2021-10-07,0.022412000223994255,2021-10-07XVG,XVG
2021-10-08,0.0239889994263649,2021-10-08XVG,XVG
2021-10-09,0.02561499923467636,2021-10-09XVG,XVG
2021-10-10,0.024413999170064926,2021-10-10XVG,XVG
2021-10-11,0.023990999907255173,2021-10-11XVG,XVG
2021-10-12,0.02323099970817566,2021-10-12XVG,XVG
2021-10-13,0.023638000711798668,2021-10-13XVG,XVG
2021-10-14,0.024455999955534935,2021-10-14XVG,XVG
2021-10-15,0.025217000395059586,2021-10-15XVG,XVG
2021-10-16,0.024646999314427376,2021-10-16XVG,XVG
2021-10-17,0.02415500022470951,2021-10-17XVG,XVG
2021-10-18,0.02379699982702732,2021-10-18XVG,XVG
2021-10-19,0.023747000843286514,2021-10-19XVG,XVG
2021-10-20,0.025589000433683395,2021-10-20XVG,XVG
2021-10-21,0.02390200085937977,2021-10-21XVG,XVG
2021-10-22,0.02413499914109707,2021-10-22XVG,XVG
2021-10-23,0.024246999993920326,2021-10-23XVG,XVG
2021-10-24,0.02284899912774563,2021-10-24XVG,XVG
2021-10-25,0.023517999798059464,2021-10-25XVG,XVG
2021-10-26,0.022641999647021294,2021-10-26XVG,XVG
2021-10-27,0.020757999271154404,2021-10-27XVG,XVG
2021-10-28,0.022290999069809914,2021-10-28XVG,XVG
2021-10-29,0.022572999820113182,2021-10-29XVG,XVG
2021-10-30,0.022266000509262085,2021-10-30XVG,XVG
2021-10-31,0.024166999384760857,2021-10-31XVG,XVG
2021-11-01,0.023934999480843544,2021-11-01XVG,XVG
2021-11-02,0.024901999160647392,2021-11-02XVG,XVG
2021-11-03,0.024601999670267105,2021-11-03XVG,XVG
2021-11-04,0.023497000336647034,2021-11-04XVG,XVG
2021-11-05,0.023357000201940536,2021-11-05XVG,XVG
2021-11-06,0.023729000240564346,2021-11-06XVG,XVG
2021-11-07,0.02419999986886978,2021-11-07XVG,XVG
2021-11-08,0.02465599961578846,2021-11-08XVG,XVG
2021-11-09,0.02609499916434288,2021-11-09XVG,XVG
2021-11-10,0.02914400026202202,2021-11-10XVG,XVG
2021-11-11,0.03005100041627884,2021-11-11XVG,XVG
2021-11-12,0.03486400097608566,2021-11-12XVG,XVG
2021-11-13,0.032343000173568726,2021-11-13XVG,XVG
2021-11-14,0.030093999579548836,2021-11-14XVG,XVG
2021-11-15,0.028920000419020653,2021-11-15XVG,XVG
2021-11-16,0.02655700035393238,2021-11-16XVG,XVG
2021-11-17,0.029750000685453415,2021-11-17XVG,XVG
2021-11-18,0.024934999644756317,2021-11-18XVG,XVG
2021-11-19,0.02645999938249588,2021-11-19XVG,XVG
2021-11-20,0.028265999630093575,2021-11-20XVG,XVG
2021-11-21,0.027130000293254852,2021-11-21XVG,XVG
2021-11-22,0.025534000247716904,2021-11-22XVG,XVG
2021-11-23,0.025459999218583107,2021-11-23XVG,XVG
2021-11-24,0.024475999176502228,2021-11-24XVG,XVG
2021-11-25,0.024310000240802765,2021-11-25XVG,XVG
2021-11-26,0.022940000519156456,2021-11-26XVG,XVG
2021-11-27,0.023638000711798668,2021-11-27XVG,XVG
2021-11-28,0.024077000096440315,2021-11-28XVG,XVG
2021-11-29,0.02387399971485138,2021-11-29XVG,XVG
2021-11-30,0.023706000298261642,2021-11-30XVG,XVG
2021-12-01,0.023110000416636467,2021-12-01XVG,XVG
2021-12-02,0.02398099936544895,2021-12-02XVG,XVG
2021-12-03,0.02276800014078617,2021-12-03XVG,XVG
2021-12-04,0.019365999847650528,2021-12-04XVG,XVG
2021-12-05,0.01986600086092949,2021-12-05XVG,XVG
2021-12-06,0.019922999665141106,2021-12-06XVG,XVG
2021-12-07,0.01983500085771084,2021-12-07XVG,XVG
2021-12-08,0.019838999956846237,2021-12-08XVG,XVG
2021-12-09,0.018124999478459358,2021-12-09XVG,XVG
2021-12-10,0.017683999612927437,2021-12-10XVG,XVG
2021-12-11,0.018612999469041824,2021-12-11XVG,XVG
2021-12-12,0.018742000684142113,2021-12-12XVG,XVG
2021-12-13,0.017114000394940376,2021-12-13XVG,XVG
2021-12-14,0.01680699922144413,2021-12-14XVG,XVG
2021-12-15,0.017740000039339066,2021-12-15XVG,XVG
2021-12-16,0.017465999349951744,2021-12-16XVG,XVG
2021-12-17,0.01637599989771843,2021-12-17XVG,XVG
2021-12-18,0.01697400026023388,2021-12-18XVG,XVG
2021-12-19,0.016713999211788177,2021-12-19XVG,XVG
2021-12-20,0.016620999202132225,2021-12-20XVG,XVG
2021-12-21,0.017350999638438225,2021-12-21XVG,XVG
2021-12-22,0.01724500022828579,2021-12-22XVG,XVG
2021-12-23,0.018403999507427216,2021-12-23XVG,XVG
2021-12-24,0.01800299994647503,2021-12-24XVG,XVG
2021-12-25,0.018376000225543976,2021-12-25XVG,XVG
2021-12-26,0.019370999187231064,2021-12-26XVG,XVG
2021-12-27,0.01911499910056591,2021-12-27XVG,XVG
2021-12-28,0.017636999487876892,2021-12-28XVG,XVG
2021-12-29,0.016888000071048737,2021-12-29XVG,XVG
2021-12-30,0.017138000577688217,2021-12-30XVG,XVG
2021-12-31,0.017054999247193336,2021-12-31XVG,XVG
2022-01-01,0.017727000638842583,2022-01-01XVG,XVG
2022-01-02,0.017625000327825546,2022-01-02XVG,XVG
2022-01-03,0.017263000831007957,2022-01-03XVG,XVG
2022-01-04,0.017295999452471733,2022-01-04XVG,XVG
2022-01-05,0.016063999384641647,2022-01-05XVG,XVG
2022-01-06,0.015745999291539192,2022-01-06XVG,XVG
2022-01-07,0.014562999829649925,2022-01-07XVG,XVG
2022-01-08,0.014008999802172184,2022-01-08XVG,XVG
2022-01-09,0.014043999835848808,2022-01-09XVG,XVG
2022-01-10,0.013117000460624695,2022-01-10XVG,XVG
2022-01-11,0.01387799996882677,2022-01-11XVG,XVG
2022-01-12,0.014801000244915485,2022-01-12XVG,XVG
2022-01-13,0.013810000382363796,2022-01-13XVG,XVG
2022-01-14,0.013945000246167183,2022-01-14XVG,XVG
2022-01-15,0.013995000161230564,2022-01-15XVG,XVG
2022-01-16,0.01398400031030178,2022-01-16XVG,XVG
2022-01-17,0.013182000257074833,2022-01-17XVG,XVG
2022-01-18,0.013212000019848347,2022-01-18XVG,XVG
2022-01-19,0.012690000236034393,2022-01-19XVG,XVG
2022-01-20,0.01241500023752451,2022-01-20XVG,XVG
2022-01-21,0.010041000321507454,2022-01-21XVG,XVG
2022-01-22,0.009316000156104565,2022-01-22XVG,XVG
2022-01-23,0.009711000137031078,2022-01-23XVG,XVG
2022-01-24,0.009336000308394432,2022-01-24XVG,XVG
2022-01-25,0.009751999750733376,2022-01-25XVG,XVG
2022-01-26,0.009770999662578106,2022-01-26XVG,XVG
2022-01-27,0.009681999683380127,2022-01-27XVG,XVG
2022-01-28,0.009856999851763248,2022-01-28XVG,XVG
2022-01-29,0.010003999806940556,2022-01-29XVG,XVG
2022-01-30,0.009980999864637852,2022-01-30XVG,XVG
2022-01-31,0.010204999707639217,2022-01-31XVG,XVG
2022-02-01,0.010154999792575836,2022-02-01XVG,XVG
2022-02-02,0.009757000021636486,2022-02-02XVG,XVG
2022-02-03,0.009839000180363655,2022-02-03XVG,XVG
2022-02-04,0.010847000405192375,2022-02-04XVG,XVG
2022-02-05,0.011239999905228615,2022-02-05XVG,XVG
2022-02-06,0.011501000262796879,2022-02-06XVG,XVG
2022-02-07,0.012205000035464764,2022-02-07XVG,XVG
2022-02-08,0.01180499978363514,2022-02-08XVG,XVG
2022-02-09,0.012570999562740326,2022-02-09XVG,XVG
2022-02-10,0.01232299953699112,2022-02-10XVG,XVG
2022-02-11,0.011506999842822552,2022-02-11XVG,XVG
2022-02-12,0.011502999812364578,2022-02-12XVG,XVG
2022-02-13,0.01105399988591671,2022-02-13XVG,XVG
2022-02-14,0.011267350055277348,2022-02-14XVG,XVG
